x1;x2;x3;x4;x5;x6;y
20000;20000;36;6541.67;0.089;0.149;737
19200;19200;36;4583.33;0.1212;0.2836;717
35000;35000;60;11500;0.2198;0.2381;692
10000;9975;36;3833.33;0.0999;0.143;697
12000;12000;36;3195;0.1171;0.1878;697
6000;6000;36;4891.67;0.1531;0.2005;672
10000;10000;36;2916.67;0.079;0.2609;722
33500;33450;60;13863.42;0.1714;0.147;707
14675;14675;36;3150;0.1433;0.2692;687
7000;7000;36;5000;0.0691;0.071;717
2000;2000;36;3575;0.1972;0.1029;672
10625;10625;36;4250;0.1427;0.1254;667
28000;27975;60;14166.67;0.2167;0.1307;672
35000;34950;36;9166.67;0.089;0.2046;737
9600;9600;36;11250;0.0762;0.0345;727
25000;24975;60;5416.67;0.1565;0.2199;732
10000;10000;36;9000;0.1212;0.1772;697
14000;13900.25;60;4333.33;0.1037;0.1195;742
10000;10000;36;2733.33;0.0976;0.0713;732
5200;5175;60;3750;0.0999;0.1029;762
22000;21975;36;6666.67;0.2198;0.1119;667
30000;30000;60;6250;0.1905;0.2125;697
6500;6500;60;4100;0.1799;0.1963;667
17400;17400;36;6833.33;0.1199;0.1247;697
4000;4000;60;4500;0.1682;0.1371;672
7200;7200;36;5416.67;0.079;0.2482;707
8000;8000;36;2964.17;0.1442;0.2463;677
8000;8000;36;2916.67;0.1531;0.1546;677
3000;3000;36;4167;0.0859;0.0372;767
14500;14500;36;3958.33;0.079;0.0485;762
23850;23850;60;5833.33;0.21;0.2881;687
14000;14000;36;10583.33;0.1212;0.1493;687
35000;34975;60;10416.67;0.1649;0.0745;722
16000;16000;60;5250;0.158;0.1194;687
17350;7019.25;36;3666.67;0.1355;0.1852;677
8000;7975;36;5583.33;0.079;0.2962;782
7200;7200;36;5666.67;0.079;0.0798;722
20125;20125;36;3750;0.0762;0.0429;832
12000;11875;36;5000;0.089;0.1206;717
2400;1850;36;3448.33;0.1249;0.2056;662
3200;3200;36;2500;0.1727;0.0836;672
12725;12725;36;4416.67;0.1114;0.2215;722
5500;5500;36;12000;0.1913;0.0358;662
15650;15650;36;3700;0.2174;0.1386;662
9000;9000;36;5166.67;0.1727;0.2522;677
5000;5000;36;5577;0.1186;0.04;717
3000;3000;36;3083.33;0.1038;0.1521;712
20000;19975;60;11250;0.2391;0.0947;672
5450;5450;60;4600;0.0749;0.0248;787
14000;14000;36;4500;0.1212;0.1138;707
8800;8799.04;60;3750;0.1038;0.2159;752
3000;3000;36;7952;0.1744;0.1579;662
32000;32000;60;9250;0.1727;0.1561;702
22250;22250;60;4166.67;0.2149;0.2887;667
7325;7300;60;3000;0.178;0.2037;682
16450;16450;36;7500;0.1114;0.0757;727
2500;2500;36;1100;0.1298;0.1645;672
6000;6000;36;2625;0.0999;0.075;717
27575;27575;36;5166.67;0.1433;0.1963;692
1000;1000;36;4583.33;0.0859;0.1069;757
12000;12000;36;2708.33;0.1149;0.1285;707
30000;30000;36;8000;0.1016;0.2221;717
13500;13500;36;4166.67;0.1433;0.317;682
9000;9000;36;3250;0.158;0.2265;667
15000;15000;36;4250;0.0991;0.0916;732
5300;5300;36;5500;0.079;0.1282;727
7000;7000;36;3650;0.1311;0.1676;687
20000;19975;36;9166.67;0.1629;0.1185;687
15000;14993.57;60;2916.67;0.1825;0.1365;707
8000;8000;36;5000;0.1409;0.1206;697
24000;23947.48;60;7500;0.1903;0.0363;697
7500;7500;36;5500;0.089;0.1002;717
17000;16875;36;4583.33;0.1183;0.127;737
12000;12000;36;4583.33;0.1727;0.1486;667
6000;6000;36;3833.33;0.1531;0.1591;672
6725;825;36;5000;0.1312;0.1316;672
4500;4500;36;2666.67;0.0676;0.1474;792
1600;1600;36;2427;0.1083;0.0536;702
10000;10000;36;2500;0.1777;0.304;667
18550;18525;36;5416.67;0.079;0.1693;727
7450;7450;36;5883.33;0.1306;0.033;712
3225;3225;36;5833.33;0.0762;0.1779;762
23675;23675;36;6399;0.1777;0.2994;682
12000;12000;36;5833.33;0.1212;0.1862;692
25000;25000;36;6000;0.1649;0.1818;697
16000;15850;36;6666.67;0.1112;0.1786;727
4200;4175;36;3041.67;0.089;0.1016;812
10000;10000;36;4583.33;0.1409;0.2145;677
6000;6000;36;4800;0.0751;0.0252;752
6000;6000;36;3333.33;0.1311;0.1533;687
7925;7925;36;2000;0.1629;0.2125;667
16000;15925;36;6000;0.0762;0.0648;767
9525;9500;36;2666.67;0.1581;0.1135;672
6000;6000;36;2500;0.1435;0.1408;677
10000;9975;36;5250;0.1496;0.115;677
7000;7000;36;10000;0.0662;0.0803;752
4500;4500;36;10000;0.0599;0.1848;767
12000;12000;36;12500;0.1114;0.0237;737
10375;10375;36;4166.67;0.1972;0.0499;667
4800;4800;36;5833.33;0.1875;0.1089;672
6400;6400;36;4666.67;0.1311;0.1146;702
5000;5000;36;4000;0.079;0.1722;707
12000;12000;36;5250;0.0662;0.2166;742
23850;23820.25;60;4250;0.2148;0.1875;692
15000;15000;36;7083.33;0.1065;0.1615;722
8000;8000;36;3500;0.0762;0.1722;767
20000;20000;36;14583.33;0.0603;0.1867;717
20000;19975;36;8233.33;0.1311;0.1509;712
10000;10000;36;2916.67;0.1409;0.1059;692
18825;18825;36;4000;0.1409;0.1308;712
35000;34975;36;18333.33;0.079;0.0159;777
9000;9000;36;9583.33;0.0603;0.0558;817
4000;4000;36;4234;0.0617;0.15;747
5750;5750;36;5000;0.1399;0.1244;662
20950;20950;36;12916.67;0.158;0.1571;692
8000;8000;36;7500;0.1099;0.1476;712
10000;10000;36;3333.33;0.1016;0.093;727
10000;10000;36;5000;0.1409;0.1476;677
14000;14000;36;6000;0.0603;0.1953;767
5000;5000;36;9000;0.0766;0.0333;737
25000;25000;60;6250;0.1905;0.1053;702
35000;35000;36;10416.67;0.089;0.1462;737
7200;7175;36;3750;0.1114;0.2789;692
14000;14000;60;9000;0.0849;0.0989;762
15000;14975;36;5132;0.1521;0.191;682
25000;25000;60;4916.67;0.1972;0.321;697
10800;10800;36;9583.33;0.1465;0.0789;677
20000;20000;36;6250;0.1433;0.2144;702
4000;4000;36;2900;0.1074;0.0197;697
16000;15950;36;9333.33;0.157;0.2351;677
1400;1400;36;4683.33;0.0976;0.2714;732
7500;7500;36;4600;0.1632;0.1254;667
24625;917.28;36;10000;0.1407;0.1281;677
5000;5000;36;5416.67;0.1409;0.2902;682
25000;24975;36;7916.67;0.0991;0.2049;727
7500;7500;36;4166.67;0.164;0.1334;662
34500;34450;36;10000;0.0662;0.1646;807
10000;10000;36;12500;0.0579;0.0649;747
3200;3200;36;4500;0.0988;0.0651;742
5500;5500;60;4250;0.1599;0.1795;702
3000;3000;36;1100;0.0976;0.2182;722
18000;18000;60;7083.33;0.2328;0.0905;662
10000;9700;36;4190;0.0963;0.1377;737
8800;8800;36;3150.25;0.1311;0.1673;702
7000;7000;36;6000;0.1114;0.2302;707
8000;8000;36;2625;0.1311;0.1901;727
3000;3000;36;3833.33;0.1727;0.1662;662
12000;11975;36;7500;0.0751;0.1191;737
3600;3575;36;2500;0.1411;0.0004;727
11625;11625;36;2833.33;0.1433;0.2284;707
30000;30000;36;12500;0.2149;0.167;672
16000;16000;36;7083.33;0.089;0.1971;722
10800;10700;36;8400;0.1075;0.1532;717
25000;23655.48;60;7666.67;0.1669;0.1411;707
10000;10000;60;3916.67;0.1398;0.1486;712
12375;275;36;3892.75;0.1091;0.1639;692
6000;6000;36;5031.67;0.1148;0.182;707
8000;8000;36;5000;0.1349;0.1492;687
15000;15000;36;5000;0.1825;0.0973;662
7000;7000;36;3333.33;0.1777;0.3225;667
8400;8400;36;3000;0.0692;0.133;747
15000;15000;36;4500;0.079;0.1862;742
15000;14925;36;5000;0.1433;0.133;667
2800;2800;36;2083.33;0.1016;0.12;697
7750;7750;36;2916.67;0.1629;0.2674;682
4500;4500;36;2166.67;0.089;0.1818;702
17500;17375;36;3666.67;0.1253;0.2163;717
18000;18000;60;5258.5;0.1531;0.0493;712
15000;14975;60;2748;0.1527;0.179;722
6000;6000;36;4583.33;0.1523;0.1957;667
11500;11475;36;2750;0.1114;0.2825;702
10000;10000;36;2500;0.1311;0.0756;687
12000;12000;36;5000;0.089;0.1246;727
10000;10000;36;5000;0.1212;0.184;687
35000;34975;60;7916.67;0.2128;0.1821;682
7200;7100;60;3000;0.1038;0.1797;752
4000;3975;60;4000;0.079;0.0448;802
5300;5200;36;8333.33;0.1114;0.0847;742
1200;1200;36;3833.33;0.0762;0.0869;732
2500;2500;36;4333.33;0.1114;0.1008;722
17000;16975;36;7500;0.1433;0.2635;702
16000;16000;36;8416.67;0.079;0.123;697
10000;9950;36;6666.67;0.1269;0.038;697
5000;5000;36;6250;0.1016;0.245;702
4375;4375;36;2916.67;0.1905;0.0909;672
8500;8475;36;6100;0.0603;0.1233;747
12000;12000;60;7500;0.1689;0.1524;677
6200;6100;36;5000;0.0859;0.191;742
7000;7000;36;2000;0.1849;0.189;662
20800;20800;60;6541.67;0.1269;0.0708;732
19200;19200;60;8333.33;0.1311;0.0345;747
22000;22000;60;5416.67;0.158;0.2132;702
15000;15000;36;6000;0.1905;0.2488;677
7000;6965.1;36;5000;0.1947;0.1708;667
20000;20000;36;4916.67;0.089;0.1708;732
2000;2000;36;5733.58;0.0617;0.1835;747
18000;17738.58;60;4000;0.1059;0.1503;757
20800;20775;36;11666.67;0.1148;0.2177;792
9000;8875;36;5708.33;0.0788;0.1451;727
6000;6000;36;2666.67;0.1409;0.225;672
5000;5000;36;3750;0.158;0.342;667
12000;11975;60;4186;0.1483;0.2231;687
7000;1998;36;7583.33;0.08;0.0636;752
6000;5950;36;15416.67;0.1;0.0874;717
17000;16975;36;9166.67;0.1398;0.1765;702
12000;11975;36;4750;0.0894;0.1899;752
16350;16350;36;4541.67;0.079;0.2503;732
20000;20000;36;4625;0.079;0.2004;757
12300;12300;36;6583.33;0.1212;0.1001;692
4800;4800;36;2666.67;0.1311;0.0461;692
14500;14500;36;4500;0.079;0.1196;737
4200;4200;36;2254;0.089;0.1043;702
22250;22250;36;6583.33;0.1409;0.321;692
8000;8000;36;25000;0.1409;0.0768;677
8325;8325;36;2000;0.1777;0.2075;667
14000;14000;36;10416.67;0.1311;0.0812;732
9000;9000;36;6000;0.1016;0.0398;707
16000;16000;36;6083.33;0.1311;0.1761;682
15200;13694.22;36;7916.67;0.1114;0.145;762
24000;24000;36;3750;0.1065;0.148;727
16450;16450;36;6666.67;0.1531;0.1166;687
7500;7500;36;5000;0.1212;0.2656;712
4750;4750;36;1333.33;0.2247;0.2445;667
6500;6500;36;6750;0.079;0.1256;722
5500;5450;60;1750;0.1867;0.1771;662
9600;9600;36;6250;0.0603;0.0752;752
12000;11975;36;4166.67;0.1212;0.3134;712
2000;2000;36;1500;0.0751;0.1673;732
18000;18000;60;4000;0.2489;0.1488;667
5825;5825;36;3750;0.1212;0.04;692
2500;2500;36;2530;0.1531;0.2281;672
7200;7200;60;5500;0.1991;0.02;662
8000;8000;36;3941.58;0.1433;0.1185;672
25000;24675;60;6000;0.2077;0.1912;667
2500;2500;36;2666.67;0.1409;0.2095;667
20000;2050;36;3500;0.1284;0.0149;752
6250;6250;36;1779.17;0.1311;0.2861;722
12375;12375;36;2083.33;0.1367;0.2242;682
18000;18000;36;6666.67;0.1016;0.1671;687
3300;3300;36;3333.33;0.0699;0.2004;762
21000;21000;60;8833.33;0.1849;0.164;702
24575;24575;36;5250;0.1629;0.196;697
5000;4900;36;5166.67;0.0774;0.144;752
20000;20000;36;5833.33;0.1629;0.2359;682
13250;13250;36;5750;0.0662;0.2864;752
10000;9975;36;10167;0.0859;0.0285;792
20000;19950;36;8416.67;0.1075;0.1137;742
10000;10000;36;4166.67;0.0849;0.1358;717
12000;12000;36;5000;0.1212;0.1466;712
8000;7950;36;3500;0.079;0.1254;727
11000;10950;36;4200;0.0894;0.2238;762
12500;12425;36;8237.5;0.0749;0.1407;732
7500;0;36;3750;0.1103;0.1141;687
4825;4825;36;2400;0.1016;0.1489;707
7550;7550;36;2880;0.1689;0.2194;672
8000;7827.03;36;4000;0.1435;0.2035;677
6000;6000;36;5083.33;0.1409;0.1572;672
8000;8000;60;5291.67;0.1557;0.0238;702
3000;3000;36;5000;0.1459;0.242;667
8000;7997.79;36;3750;0.1629;0.1576;667
8400;8400;36;3000;0.0599;0.087;752
35000;35000;36;14166.67;0.1465;0.122;722
15000;15000;36;5000;0.079;0.2154;732
7500;7475;36;7083.33;0.1099;0.0751;802
24000;23665.54;60;7695.08;0.0962;0.1741;807
21000;20975;60;8083.33;0.205;0.1842;682
6000;6000;36;8315.67;0.0762;0.0933;732
4500;4500;36;65000;0.0691;0.0058;727
29000;29000;36;7666.67;0.1777;0.157;697
20000;20000;36;5250;0.1531;0.2735;692
7000;7000;36;4341.67;0.1016;0.1076;697
5000;4950;36;2916.67;0.1036;0.0051;717
6000;6000;36;4025.67;0.1727;0.0691;667
10000;10000;36;4480;0.1527;0.0402;672
3200;3200;36;2917;0.1749;0.0137;667
23000;23000;36;6625;0.1777;0.2584;687
5000;1750.04;36;3416.67;0.1154;0.1036;672
3000;3000;36;2083.33;0.1269;0.0312;717
12000;11975;60;3500;0.1074;0.1763;717
20000;19975;60;4166.67;0.1399;0.312;722
1200;1200;36;2166.67;0.158;0.2714;667
8000;8000;36;3000;0.0662;0.049;782
10000;9975;60;5416.67;0.1649;0.177;707
11000;11000;36;7916.67;0.1306;0.2242;692
18000;18000;36;5250;0.1629;0.1762;672
24000;23975;60;5000;0.1749;0.0896;707
8000;7925;60;5002.33;0.1875;0.0992;677
6000;6000;36;3100;0.1171;0.2145;687
35000;34950;36;6750;0.1727;0.2274;677
1000;750;36;1800;0.1036;0;732
10000;10000;36;3750;0.1531;0.2771;682
6000;6000;36;5000;0.158;0.0794;672
4000;4000;36;2916.67;0.0603;0.1303;752
20000;20000;60;5416.67;0.1171;0.1098;747
3500;690.34;36;3750;0.1412;0.1019;657
24000;24000;60;8333.33;0.1999;0.0348;692
8000;8000;36;3500;0.1409;0.1431;692
12000;12000;36;7125;0.0662;0.1388;777
17600;17600;36;4166.67;0.089;0.1658;752
5000;512.46;36;3333;0.1292;0.1629;667
8000;8000;60;2500;0.1867;0.0556;662
10000;9850;36;4500;0.0988;0.1704;732
16800;16800;36;16083.33;0.0662;0.0387;802
6500;6450;60;2738.67;0.1038;0.0686;757
35000;35000;36;12083.33;0.079;0.207;792
9950;9950;36;4800;0.1433;0.0419;687
5000;5000;36;3166.67;0.0991;0.2877;752
10000;10000;60;3726.67;0.1905;0.2839;697
6000;6000;36;5833.33;0.1311;0.1997;687
35000;35000;36;12083.33;0.079;0.2027;772
5600;5600;36;1916.67;0.079;0.1654;707
17000;17000;36;6250;0.079;0.0643;797
15000;15000;60;5666.67;0.1299;0.1745;717
3000;3000;36;7750;0.1114;0.017;687
12000;12000;36;3083.33;0.1777;0.0986;667
25000;25000;36;9000;0.1427;0.1459;707
31075;31050;36;6000;0.2049;0.2618;662
4750;4750;60;1500;0.1433;0.2348;742
6400;6375;36;4166.67;0.1171;0.1488;682
25000;25000;36;5500;0.0991;0.1538;732
5000;4975;36;12083.33;0.0603;0.0643;787
12000;12000;60;3583.33;0.1199;0.043;757
20000;20000;36;7965;0.1972;0.1374;667
10000;10000;36;4416.67;0.1596;0.1309;667
9750;9750;36;3033.33;0.2049;0.1055;662
10000;10000;36;6000;0.1409;0.1502;687
3000;2057.84;36;4350;0.1046;0.0434;682
25000;25000;60;5666.67;0.1972;0.0131;702
5000;5000;36;8583;0.1422;0.1873;672
6500;6500;36;6400;0.0579;0.2284;732
8325;8325;36;2916.67;0.1531;0.1522;672
20000;20000;60;8333.33;0.1531;0.1394;712
12000;12000;36;5166.67;0.1212;0.2032;712
9500;9475;60;5000;0.1038;0.1364;757
12000;11862.38;60;4166.67;0.0579;0.2213;782
7200;7200;60;2944;0.1149;0.1678;717
8500;8500;36;6091.83;0.1016;0.1123;712
17475;17475;60;4583.33;0.1905;0.2295;687
10000;10000;36;3113.83;0.1212;0.1349;692
18000;17975;60;4583.33;0.2247;0.0192;662
4800;4775;36;7466.83;0.0542;0.2017;787
5000;5000;36;2298.75;0.079;0.1644;722
20000;19925;36;3750;0.1212;0.1032;722
12300;12300;36;5000;0.1531;0.1926;712
28000;27950;60;6125;0.2278;0.1029;677
1675;1675;36;2080;0.1111;0.0481;692
7500;7500;36;4000;0.1704;0.0492;687
9200;9200;36;12833.33;0.1261;0.1542;677
8000;8000;36;4583.33;0.158;0.1076;677
5000;5000;36;2000;0.1099;0.2325;692
19125;19125;60;3333.33;0.1825;0.1569;692
5075;5050;36;5000;0.0599;0.201;792
7000;6975;36;3275;0.0962;0.2269;712
5000;5000;36;6800;0.1212;0.1697;677
35000;33500;60;15583.33;0.1349;0.1063;762
2225;2225;36;3250;0.1465;0.2409;672
4000;4000;36;3168;0.1016;0.0458;717
16000;16000;36;7083.33;0.079;0.0223;742
15500;15500;36;3333.33;0.1777;0.276;677
16000;16000;60;7916.67;0.1311;0.1488;697
9000;9000;60;3678.08;0.1306;0.0574;712
20000;18275;60;6000;0.1649;0.2458;712
20000;19900;60;10000;0.1817;0.0972;687
30000;30000;60;6041.67;0.2278;0.2471;692
10000;10000;36;3833.33;0.1059;0.0743;737
14000;14000;36;5000;0.1905;0.3102;662
5000;4525;36;;0.0743;0.01;802
18000;18000;60;5734.08;0.1531;0.2293;712
10000;10000;36;5208.33;0.0662;0.1905;742
25975;25975;60;4583.33;0.1311;0.1551;737
10350;10350;36;3333.33;0.1409;0.2046;692
10850;10850;36;2708.33;0.1777;0.339;662
4075;4075;36;3750;0.0542;0.2341;772
14500;10168.89;60;3584.62;0.1075;0.1426;757
12000;12000;36;5000;0.1016;0.2748;712
1000;1000;36;884.9;0.2295;0.1978;667
5900;5900;36;3010;0.1311;0.1419;702
9950;9925;36;2500;0.1311;0.2421;707
7200;7200;36;3416.67;0.0603;0.1727;792
14750;14750;60;2500;0.1677;0.1732;687
5000;4975;36;3000;0.167;0.0267;692
20000;20000;36;6250;0.1491;0.1943;717
18400;18375;60;7400;0.1942;0.2253;707
7200;4167.97;36;3583;0.1411;0.1362;702
18000;17994.17;60;4364.58;0.1399;0.0213;727
8000;8000;36;3166.67;0.1212;0.2498;692
4000;4000;36;5166.67;0.089;0.1316;722
6000;6000;36;3750;0.1311;0.181;692
6250;6100;36;2400;0.1025;0.1804;722
5375;5375;36;5416.67;0.1409;0.1505;687
8875;8875;36;2302;0.1531;0.149;667
7000;7000;36;3333.33;0.1065;0.0738;702
12000;12000;36;6416.67;0.1531;0.2183;682
21250;21250;36;4500;0.1875;0.2653;672
3600;3600;60;3200;0.1972;0.2222;682
12000;12000;36;3333.33;0.1433;0.282;672
10050;10050;36;2500;0.1433;0.1648;692
4025;4025;36;5000;0.089;0.1532;702
5000;5000;36;5000;0.0662;0.012;782
16500;16400;60;2750;0.1171;0.1207;777
10000;10000;36;5833.33;0.0729;0.0794;737
7500;-0.01;36;8750;0.1229;0.2134;687
10000;10000;36;2940.25;0.0603;0.2466;757
10000;10000;36;2083.33;0.089;0.2266;717
18000;18000;36;5833.33;0.079;0.1836;732
7000;7000;36;3833.33;0.1629;0.2493;682
22000;21975;60;5083.33;0.2247;0.3393;672
6000;6000;36;1000;0.1311;0.124;687
5600;5600;36;5833.33;0.0662;0.0723;752
9500;9500;36;2519.17;0.1212;0.2406;707
12000;12000;36;9666.67;0.1311;0.1751;682
7200;7200;36;4416.67;0.1037;0.0892;677
5000;5000;36;6612;0.158;0.2553;667
8250;8086.75;60;2917;0.1596;0.156;697
30000;30000;60;7916.67;0.2247;0.2007;692
10075;10075;60;6583.33;0.1581;0.238;702
9050;9050;36;5166.67;0.1311;0.2058;702
17500;17500;36;3333.33;0.1016;0.2364;702
10000;5334.01;36;4166.67;0.0691;0.0883;732
10000;10000;36;2870.42;0.089;0.201;717
8500;8500;36;2500;0.158;0.174;692
16000;15975;36;3666.67;0.1465;0.2015;677
2350;2350;36;1833.33;0.1409;0.1118;727
10000;9924.07;36;6083.33;0.0729;0.047;732
25000;24975;60;5458.33;0.158;0.2118;737
8000;8000;36;3500;0.1433;0.2734;687
6000;6000;36;4166.67;0.1311;0.1675;672
4000;4000;36;5416.67;0.1311;0.118;687
11500;11500;36;2916.67;0.1114;0.18;717
12000;12000;36;12500;0.0991;0.041;707
15250;13914.17;60;2916.67;0.1649;0.2057;692
5000;5000;36;3500;0.1268;0.092;697
6000;6000;36;3750;0.079;0.2075;717
18225;18225;60;3166.67;0.1629;0.2261;712
15000;15000;36;6312;0.1038;0.1687;737
4000;3882.78;36;4666.67;0.0579;0.2394;762
27000;27000;60;7083.33;0.1212;0.1782;717
15000;14925;36;3000;0.1385;0.051;707
4950;4950;36;1403.33;0.1016;0.1675;727
21000;20925;36;6250;0.1;0.1408;732
9000;9000;36;5000;0.1531;0.1588;677
21000;21000;60;9583.33;0.1875;0.3171;697
8000;8000;36;3333.33;0.1905;0.0283;662
23000;21457.14;60;4583.33;0.0691;0.1239;762
10000;10000;36;8333.33;0.1465;0.1668;682
5000;4947.35;60;6400;0.0999;0.108;732
5350;5350;36;11250;0.1016;0.1645;732
10000;10000;36;3500;0.1242;0.0977;707
24000;23975;36;5416.67;0.1016;0.1553;722
24000;24000;36;7233.33;0.079;0.1355;707
15475;15450;36;3750;0.1409;0.2698;687
25000;25000;36;8333.33;0.21;0.0952;672
13000;12975;36;2333.33;0.0991;0.156;732
7550;7550;36;2512;0.0762;0.1461;732
9600;9600;36;3166.67;0.1531;0.3324;687
15000;14950;60;5416.67;0.1521;0.1465;702
7000;6975;36;4166.67;0.1411;0.2167;677
1000;1000;36;2166.67;0.1531;0.2945;667
25000;24798.43;36;6666.67;0.1287;0.1881;722
24000;24000;36;11208.33;0.1433;0.2549;727
21000;21000;60;16416.67;0.1849;0.2173;702
1000;1000;36;1833.33;0.1311;0.3071;672
16000;16000;60;5000;0.0963;0.1658;782
24400;24400;60;6000;0.1727;0.1598;727
14675;14675;36;3166.67;0.079;0.174;722
12000;12000;36;4583.33;0.1905;0.1961;662
8000;8000;36;3541.67;0.1311;0.2135;702
12000;12000;36;3416.67;0.1311;0.0805;687
16800;10075;60;5416.67;0.1099;0.1342;732
14500;14500;36;3500;0.1433;0.1797;682
25000;3925;36;8000;0.1663;0.1846;682
28625;28625;60;4833.33;0.1311;0.2131;742
21000;21000;60;20833.33;0.2295;0.0652;672
7500;7500;60;7083.33;0.0976;0.1496;782
11875;11775;36;6000;0.1038;0.2252;732
3600;3600;36;5113;0.1367;0.1641;692
16000;16000;36;5924.5;0.1531;0.201;697
20500;20500;60;4333.33;0.2328;0.2485;662
10000;10000;36;6250;0.1825;0.2414;667
15000;15000;60;3333.33;0.1749;0.1122;697
10000;10000;36;3417;0.1199;0.2189;682
11000;11000;36;3820.27;0.1171;0.078;687
25000;25000;60;5833.33;0.1905;0.2846;692
15000;15000;36;7666.67;0.1016;0.2675;677
5600;5600;36;3833.33;0.1409;0.2635;667
20000;20000;36;4583.33;0.1171;0.152;722
25450;25450;60;4750;0.1972;0.3375;667
7000;7000;36;6333.33;0.1112;0.0906;717
10400;10400;36;3333.33;0.1212;0.1892;692
25000;24975;36;7250;0.1484;0.1588;707
20000;13000;36;7501;0.1197;0.1896;707
16000;15800;60;4583.33;0.1743;0.1307;677
15000;15000;36;7500;0.079;0.2239;727
24625;24625;60;5166.67;0.1972;0.2096;677
21850;21850;36;4166.67;0.1311;0.2808;692
6000;6000;36;7500;0.1531;0.1568;672
6700;6636.91;36;4700;0.16;0.2153;727
10000;9225.43;36;7667;0.1221;0.1045;702
5775;5775;36;5000;0.1531;0.0408;672
14475;14475;36;4166.67;0.1527;0.2369;682
8000;8000;36;2833.33;0.1727;0.2788;672
15000;15000;36;5416.67;0.1212;0.1422;702
10000;10000;36;4166.67;0.1777;0.1241;682
5600;5600;36;2870.33;0.1349;0.1833;692
10000;10000;60;2290;0.1632;0.148;687
13000;13000;36;5000;0.1409;0.3264;677
15000;10825;60;1958.33;0.0999;0.1195;747
2100;2100;36;2555.16;0.1212;0.2577;682
12000;12000;36;7666.67;0.1212;0.2048;687
1000;1000;36;3500;0.1316;0.1963;672
16000;16000;60;4166.67;0.1409;0.0778;737
14000;14000;36;3162.25;0.079;0.2169;732
14000;14000;36;7916.67;0.1016;0.1344;692
20000;3850;36;6000;0.1221;0.1463;727
17000;15865.55;36;6333.33;0.1114;0.0665;762
7350;7350;60;5000;0.1074;0.2982;747
10000;9500;36;4841.67;0.1025;0.1293;777
20000;19796.41;36;15416.67;0.1136;0.0834;712
7000;7000;36;3807.64;0.0714;0.0544;762
6000;6000;60;9583.33;0.1212;0.0931;717
12000;12000;36;5000;0.1;0.1232;717
4225;4225;36;2583.33;0.0603;0.1452;752
14700;1973.77;36;3100;0.1229;0.2194;702
2500;2500;36;4750;0.0676;0.0699;757
4800;4775;36;2500;0.1484;0;672
6000;6000;36;5583.33;0.1596;0.221;667
6000;6000;36;7083.33;0.0603;0.0565;752
1800;1800;36;6416.67;0.1531;0.0679;672
7200;7200;36;3333.33;0.158;0.2532;677
6000;6000;36;8000;0.1212;0.2389;682
15300;14850;36;6833.33;0.1114;0.1131;672
5000;5000;36;2083.33;0.0932;0.0389;777
10500;10500;36;4583.33;0.1777;0.1233;667
6625;6625;36;10268.25;0.1777;0.1168;662
16000;16000;60;4791.67;0.2247;0.1127;667
22000;22000;60;4166.67;0.1629;0.2633;677
5000;5000;60;6833.33;0.1521;0.1038;682
20000;20000;36;12083.33;0.089;0.1079;682
1500;1500;36;7083.33;0.1306;0.2082;672
8000;8000;36;5666.67;0.0749;0.0286;732
18225;18225;60;7166.67;0.1629;0.3219;707
5000;5000;36;2916.67;0.0762;0.0843;742
10000;10000;36;2629;0.1399;0.1073;687
8000;8000;36;2083.33;0.1777;0.2856;672
6000;6000;36;6000;0.1075;0.1205;722
24250;24225;60;5000;0.1862;0.2274;687
8700;8700;36;14166.67;0.1269;0.0502;677
20400;20375;60;6733.33;0.1465;0.1038;727
9000;9000;36;3333.33;0.0662;0.1614;742
16100;16100;36;6250;0.1114;0.2536;717
35000;35000;36;7702;0.21;0.1105;672
4600;4600;36;6500;0.0766;0.0914;702
14400;5325;36;4583.33;0.1418;0.2304;687
5000;5000;36;3333.33;0.1114;0.1361;687
5500;5500;36;7500;0.1905;0.0233;662
25000;15800;60;5416.67;0.1398;0.2023;722
5000;5000;36;10625;0.1409;0.1118;672
10000;10000;36;2791.67;0.1465;0.1204;712
20000;13975;36;5050;0.1189;0.0289;742
10000;10000;36;1658;0.1714;0.0959;682
17000;17000;36;5416.67;0.0976;0.236;742
25000;25000;60;5000;0.2247;0.2362;667
5000;5000;36;8666.67;0.079;0.0728;712
6000;6000;36;5416.67;0.1311;0.2134;687
8000;8000;36;5833.33;0.1727;0.0732;672
12000;12000;36;8666.67;0.1409;0.1533;697
3000;3000;36;4500;0.0894;0.1342;722
5000;5000;60;1667;0.0617;0.1152;772
3200;3200;36;3750;0.1016;0.1617;707
7625;7625;36;3166.67;0.1849;0.1579;672
3000;3000;60;1471;0.2211;0;692
5000;5000;36;3125;0.1149;0.0662;732
18500;18500;36;5000;0.1299;0.0796;687
18000;18000;36;4000;0.1409;0.1545;692
4200;4200;36;3000;0.1059;0.1153;697
5000;4975;36;5416.67;0.0729;0.0233;727
19000;19000;60;4791.67;0.1171;0.1379;732
15000;15000;36;7916.67;0.1677;0.0729;677
18625;18625;60;4000;0.1972;0.2298;682
6075;6075;36;1083.33;0.0762;0.2825;722
12500;12500;36;3916.67;0.1531;0.1767;692
5000;5000;36;7083.33;0.1531;0.0491;667
10000;10000;36;3083.33;0.1212;0.2306;692
8000;8000;36;3750;0.1677;0.2099;662
20000;19975;36;5000;0.1581;0.2142;682
9600;9600;36;4250;0.1349;0.1504;687
3600;3600;36;2108.33;0.0976;0.1134;697
14075;14075;36;3033.33;0.1875;0.1296;692
3000;3000;36;3500;0.0751;0.1131;737
35000;34975;36;9220;0.1016;0.2556;762
1700;1700;36;2250;0.0699;0.052;752
8800;8800;36;4833;0.0751;0.2073;792
24250;23985.41;36;8910.42;0.1218;0.1765;742
10750;10166.42;36;4416.67;0.1114;0.1191;722
6000;6000;36;3264;0.1596;0.2485;662
15000;15000;36;5000;0.1016;0.1857;702
15000;15000;36;5500;0.1433;0.1638;702
10000;10000;36;7500;0.1311;0.1412;682
5950;5950;36;5000;0.1212;0.2154;692
10000;10000;36;5833.33;0.1099;0.0823;702
4000;4000;36;2916.67;0.1523;0.1073;672
15000;14675;36;10417;0.0788;0.0053;782
10000;9850;36;2500;0.1531;0.186;667
8875;8875;36;2166.67;0.1311;0.3046;702
2400;2400;36;2000;0.1074;0.112;707
25000;24950;60;8000;0.2053;0.185;677
5500;5500;36;3937.08;0.1607;0.1935;687
6000;6000;36;2916.67;0.1253;0.2307;687
18000;18000;60;7500;0.1905;0.0628;692
28000;27975;36;7000;0.079;0.0581;802
32000;32000;60;7055;0.1629;0.1514;727
6000;6000;36;2625;0.1311;0.0453;692
7200;7200;60;3750;0.089;0.2516;752
11500;11500;36;2916.67;0.1114;0.1047;702
4800;4800;36;6333.33;0.0542;0.1023;792
4000;4000;36;2333.33;0.1065;0.234;687
15000;15000;36;9083.33;0.1065;0.1436;722
15000;15000;36;5319.17;0.1799;0.2104;677
25000;25000;36;16666.67;0.1242;0.0105;707
4800;4800;60;1560;0.1875;0.2769;682
9500;9500;36;3583.33;0.0662;0.1928;737
15000;6200;36;8750;0.1253;0.1378;707
6000;6000;36;6250;0.1398;0.0773;677
12300;12300;36;6666.67;0.0603;0.0715;742
24000;23950;36;4250;0.0751;0.1795;757
2000;1975;36;6833.33;0.1112;0.205;707
14000;14000;36;8750;0.0976;0.2255;712
10000;10000;36;5000;0.1212;0.0595;702
13000;8113.74;36;3500;0.0963;0.1614;787
5000;5000;60;5416.67;0.1629;0.118;692
6000;5994;36;2500;0.1242;0.1168;672
10050;10050;36;2916.67;0.1433;0.0607;712
4800;4800;36;1500;0.079;0.1907;722
14400;14400;36;6833.33;0.1074;0.059;702
11625;11625;36;2833.33;0.1531;0.1673;697
18200;18200;36;4750;0.1016;0.0795;722
20000;19875;36;9160;0.1335;0.1568;712
9600;9575;60;3333.33;0.1727;0.129;697
9000;9000;36;4833;0.1183;0.0048;717
35000;35000;60;8083.33;0.1825;0.2769;727
1900;1900;36;6000;0.0751;0.1927;737
20000;19896.51;36;5166.67;0.1367;0.1534;712
2400;2400;36;3166.67;0.1037;0.0954;677
4500;4500;36;3333.33;0.1171;0.1587;677
12000;12000;36;8750;0.1212;0.1941;712
10000;8175.26;36;7500;0.0863;0.0591;732
11575;11575;36;2833.33;0.079;0.1747;732
20000;20000;36;8161.33;0.0662;0.2161;722
6000;3475;36;6500;0.147;0.1023;642
2800;2800;36;3250;0.1;0.2032;702
6000;6000;36;4250;0.1409;0.0993;682
20000;14750;36;9208;0.0691;0.1516;737
22000;22000;60;6083.33;0.1399;0.1828;722
10000;10000;36;5416.67;0.1311;0.2034;677
9450;9450;36;4666.67;0.1212;0.1174;692
10400;10325;36;6354;0.0766;0.1302;727
15875;15818.07;60;3000;0.1528;0.221;722
18000;18000;60;8333.33;0.1212;0.1489;732
8000;8000;36;5000;0.089;0.0293;712
12000;12000;36;4166.67;0.1433;0.2006;762
20000;12150;60;5000;0.0654;0.1236;797
10000;10000;36;2916.67;0.1677;0.1855;662
24500;23475;60;4497;0.1903;0.2302;682
10000;10000;36;6250;0.1212;0.1958;697
3600;3600;36;4166.67;0.079;0.2621;737
12000;12000;60;5445;0.1749;0.0694;672
6950;6950;36;4583.33;0.1074;0.2071;687
8525;8525;36;4583.33;0.1016;0.2614;707
5000;5000;36;2750;0.1433;0.2851;692
4800;4800;60;3750;0.1825;0.1381;697
6000;6000;36;5000;0.1335;0.2136;667
4000;4000;60;3700;0.1922;0.0903;682
14000;14000;36;7500;0.0603;0.1467;747
23500;23450;36;4000;0.1465;0.1948;687
2500;2500;36;1500;0.1595;0.2407;667
2000;2000;36;1600;0.0617;0.0263;747
24000;23925;60;7800;0.1629;0.1177;677
12800;12800;60;4166.67;0.1149;0.0672;727
8000;8000;36;5166.67;0.079;0.2158;727
3000;3000;36;2333.33;0.0999;0.213;712
7000;7000;36;12500;0.079;0.0141;727
18000;17975;36;8333.33;0.1348;0.0624;692
9000;5975;36;4167;0.1411;0.0821;672
11000;11000;36;6666.67;0.1099;0.0426;697
6000;6000;36;4416.67;0.079;0.1499;722
6500;6475;36;1500;0.0774;0.18;787
19500;19500;36;10000;0.1849;0.0979;677
16000;16000;60;7000;0.1727;0.1926;697
18000;17950;60;12916.67;0.1433;0.1398;687
30000;29975;60;7083.33;0.2333;0.1739;667
10000;10000;36;8750;0.1409;0.0582;662
16000;15900;60;5427.42;0.1558;0.1286;702
35000;35000;36;13333.33;0.1758;0.118;692
8000;8000;36;7758.33;0.1372;0.0967;667
14500;14500;36;5988.67;0.1311;0.2829;702
12000;11925;36;5000;0.1062;0.1902;722
4500;4500;36;11500;0.1343;0.0123;672
16500;16350;36;4810.08;0.1183;0.1744;727
10000;10000;36;3666.67;0.0991;0.1432;707
35000;35000;60;9166.67;0.1905;0.134;692
21000;6165.31;36;18333.33;0.1109;0.2128;747
8400;6725;36;7083.33;0.1545;0.1571;642
6000;6000;36;1750;0.079;0.0931;707
12000;12000;36;4166.67;0.1922;0.1462;667
12100;12100;36;6166.67;0.1689;0.1116;667
25000;25000;36;6833.33;0.1409;0.0479;677
16000;15925;36;7333.33;0.0603;0.1448;782
27000;27000;36;8583.33;0.1825;0.2232;692
12250;12250;36;2916.67;0.1875;0.1721;667
10000;10000;36;2500;0.1777;0.226;667
9175;9175;36;7083.33;0.1367;0.1943;677
14075;14075;36;4000;0.1531;0.257;682
13100;13100;36;7968.75;0.1855;0.2324;662
14675;14675;36;4000;0.089;0.1495;717
5000;4900;36;3200;0.1114;0.0284;712
18000;18000;36;4166.67;0.1311;0.2654;672
12000;12000;36;5666.67;0.0762;0.151;777
19400;19400;36;4583.33;0.1433;0.1615;682
18000;18000;36;3333.33;0.1212;0.1929;667
12000;12000;36;7500;0.1777;0.0984;667
8000;8000;36;4166.67;0.1311;0.2611;677
23750;23750;60;8333.33;0.1972;0.1422;712
7500;7475;36;5000;0.1558;0.1074;697
5500;5500;36;1666.67;0.1269;0.2124;682
16950;16950;60;3583.33;0.1727;0.2662;712
3000;2950;36;4333.33;0.1114;0.2774;717
1600;1600;36;3200;0.1349;0.121;672
6000;6000;36;5833.33;0.0749;0.1466;717
7350;7350;36;3355.05;0.1212;0.1985;697
12825;12825;36;3416.67;0.1777;0.2441;672
24000;23975;60;6500;0.21;0.2369;687
10000;10000;60;4104.67;0.1849;0.1647;697
5500;5500;36;1541.67;0.1433;0.2783;677
17500;17500;36;9519.75;0.1472;0.093;697
10000;10000;36;7500;0.1311;0.1901;682
20000;16275;36;8083.33;0.0617;0.1227;772
11600;11600;36;5833.33;0.0699;0.0862;737
12000;12000;60;4166.67;0.1399;0.1298;717
13000;6770.1;36;7666.67;0.1126;0.1405;722
8575;8550;36;2500;0.1727;0.0984;667
6100;6100;36;6666.67;0.1409;0.0951;687
14000;14000;36;5000;0.1531;0.1426;682
10500;10500;36;5666.67;0.1433;0.1955;672
19600;19525;60;4170;0.2149;0.0976;677
15000;15000;36;3333.33;0.158;0.1027;672
8000;8000;36;5833.33;0.1727;0.0528;727
20000;20000;36;7750;0.2149;0.2747;662
11000;10969.64;36;3500;0.1253;0.1889;702
6000;5905.66;36;4166.67;0.179;0.066;677
12000;12000;36;10833.33;0.1114;0.0311;707
17000;17000;36;5083.33;0.1311;0.1692;692
6250;6250;36;1916.67;0.079;0.0845;722
27825;27825;60;6250;0.2376;0.1286;667
30000;30000;36;8333.33;0.1531;0.1542;682
4200;3969.9;36;1558.42;0.1411;0.0462;677
3800;3800;36;4333.33;0.2198;0.0831;682
2000;2000;36;2766.67;0.1531;0.2143;672
6000;6000;36;4000;0.1409;0.2425;682
21000;21000;60;8416.67;0.1905;0.1624;687
2500;2500;36;5416.67;0.1349;0.0624;682
2400;2400;36;2700;0.1677;0.17;692
13000;13000;36;2166.67;0.1074;0.1546;722
4800;4800;36;5000;0.1465;0.139;667
17475;17475;36;3333.33;0.0991;0.1776;732
16450;16400;60;2833.33;0.2197;0.2559;672
14000;14000;36;8750;0.1465;0.0347;682
2500;2500;36;5833.33;0.1727;0.1134;667
8000;8000;36;4166.67;0.1849;0.1445;662
5000;5000;36;3108.33;0.1253;0.2149;707
15000;15000;36;9000;0.1311;0.1278;692
25000;24814.89;60;22916.67;0.1269;0.0383;722
3000;2975;36;1000;0.089;0.32;702
6000;6000;36;4116.67;0.079;0.3364;707
7800;7800;36;4000;0.1065;0.0715;722
25000;25000;36;7083.33;0.079;0.1866;712
18500;3100;36;7500;0.1533;0.0524;662
12000;12000;60;9166.67;0.1299;0.1667;712
5000;5000;36;2416.67;0.1599;0.0526;667
2500;2500;60;3958;0.1059;0.0215;747
16000;16000;60;5083.33;0.1629;0.0576;712
25000;25000;60;5666.67;0.1531;0.0398;747
2000;2000;36;3400;0.1689;0.1191;662
2200;2200;36;3400;0.1016;0.2415;732
14000;13825;36;8333.33;0.1025;0.0926;732
3000;3000;36;2583.33;0.1311;0.3221;672
11425;11400;36;4750;0.0991;0.1947;732
17325;17325;60;3750;0.1727;0.3024;707
5425;5425;36;6333.33;0.0849;0.2116;732
20000;20000;60;12500;0.2278;0.0163;667
3300;3300;36;3730;0.1171;0.0416;702
2000;2000;36;3750;0.1727;0.2051;672
26500;26500;36;5833.33;0.1311;0.1399;747
17975;17975;36;4833.33;0.1855;0.1855;672
15000;14925.21;36;4458.33;0.1347;0.1406;702
16400;16350;60;3500;0.1399;0.236;727
13500;13500;60;8833.33;0.1399;0.1259;702
12000;12000;36;7083.33;0.1527;0.039;672
16750;16750;60;2833.33;0.2148;0.2188;667
8000;8000;36;1125;0.1218;0.0124;747
10000;10000;36;5416.67;0.0976;0.1408;712
10000;10000;36;7083;0.1521;0.1093;672
5525;5525;36;6620;0.1385;0.2103;722
17200;17200;60;3666.67;0.1969;0.0995;707
19600;19575;36;4166.67;0.1629;0.2938;682
4000;4000;36;3833.33;0.1148;0.2293;717
13000;13000;36;5000;0.1311;0.1058;737
8000;7850;36;4250;0.0963;0.0024;792
25000;5640.7;36;7916.67;0.1008;0.1042;757
20000;19900;36;7083.33;0.1025;0.1135;752
27575;27575;60;7833.33;0.1727;0.1828;682
24000;24000;36;7500;0.1433;0.1586;672
7000;7000;36;5000;0.1849;0.1592;662
12000;11975;60;3500;0.1677;0.1071;687
14000;14000;60;3616;0.1903;0.1352;672
10000;9975;36;2500;0.1114;0.1292;727
7750;7750;36;4766.67;0.0603;0.2201;782
15000;11550;36;3333.33;0.1367;0.1719;692
15000;14950;36;5000;0.1186;0.122;707
25000;25000;36;5416.67;0.1531;0.13;687
15000;14975;60;4407;0.1491;0.0808;722
5000;5000;36;8750;0.1629;0.1606;662
5000;5000;36;3250;0.1298;0.1729;667
35000;35000;36;6666.67;0.1531;0.15;682
7500;6025;36;5000;0.1537;0.175;677
25000;15675;60;3333.33;0.1036;0.1626;767
3800;3800;36;5416.67;0.1112;0.1545;702
2800;2800;36;3250;0.089;0.2776;702
6250;6250;36;2900;0.0749;0.2397;732
18000;17994.46;36;3333.33;0.0991;0.1185;727
6000;6000;36;2752.92;0.1727;0.2913;662
20000;20000;36;4583.33;0.1409;0.3491;712
8000;8000;36;2666.67;0.1114;0.2393;702
12000;12000;36;9833.33;0.0662;0.0481;792
24000;7100;60;5686.67;0.1112;0.1199;777
3000;2925;36;4900;0.1149;0.0922;692
5000;5000;36;3750;0.0699;0.0851;747
21850;21800;60;3750;0.1399;0.1795;732
21850;21850;60;5833.33;0.2328;0.2695;677
10000;7586.93;36;6666.67;0.1347;0.142;692
15000;10150.07;36;2500;0.1568;0.0268;682
9600;9600;36;6048;0.0729;0.0966;742
25000;24975;36;7301.58;0.205;0.1472;672
25000;14401.65;60;3333.33;0.1149;0.0495;782
30000;29950;36;13416.67;0.079;0.0034;812
20000;20000;60;4000;0.1689;0.0683;702
14825;14825;36;2500;0.1367;0.0955;697
8000;8000;36;6000;0.1727;0.0198;672
20000;20000;36;10416.67;0.1171;0.1495;722
7000;7000;36;2300;0.079;0.2096;767
20000;19900;36;2416.67;0.1062;0.1258;762
5000;4500;36;3166.67;0.1103;0.0047;682
17625;17600;36;3333.33;0.1311;0.1488;677
7150;7150;36;3666.67;0.1311;0.1233;687
25000;24775;36;8533.33;0.1036;0.0094;722
15000;15000;36;4500;0.1433;0.3342;677
9000;9000;36;4166.67;0.0662;0.1385;767
17600;17600;36;7500;0.1635;0.1735;667
10000;10000;36;2500;0.1268;0.1396;692
11200;11000;60;6750;0.152;0.1647;677
13225;13225;36;5833.33;0.1531;0.2707;682
4000;4000;36;3333.33;0.1114;0.338;702
12000;11975;36;12083.33;0.1099;0.0946;722
35000;35000;36;13750;0.1905;0.2112;737
25000;17250;36;8750;0.1459;0.2464;707
9000;9000;36;5000;0.0603;0.1223;752
18225;18225;36;4850;0.1212;0.2087;702
4750;4750;36;866.67;0.1472;0.03;662
14400;14400;36;12500;0.0662;0.0671;772
30000;30000;60;6928.13;0.2376;0.1425;662
13475;13475;36;2250;0.1212;0.1946;717
10000;10000;36;3750;0.1905;0.1795;677
12000;12000;36;5833.33;0.0662;0.0946;742
6000;6000;60;3083;0.1689;0.1839;697
9500;6500;36;7500;0.0654;0.1443;727
12000;11875;60;3791.67;0.1038;0.1698;782
5000;5000;36;6666.67;0.089;0.1593;707
3600;3600;36;1558.33;0.089;0.0327;747
27000;26993.89;60;4833.33;0.1427;0.1828;737
10000;10000;36;7500;0.1427;0.1097;667
5450;5450;36;3500;0.1311;0.2591;672
16000;13613.86;60;3006.44;0.1528;0.1533;702
9750;9750;36;2817.5;0.1727;0.2193;672
30000;30000;36;10416.67;0.0751;0.0108;787
14000;13975;36;6250;0.1212;0.0325;707
8500;8500;36;4166.67;0.0662;0.049;742
14400;14400;36;13100;0.079;0.1789;747
8000;8000;36;3750;0.0714;0.0173;767
12000;12000;36;13166.67;0.1311;0.0646;682
10400;10350;36;6166.67;0.1311;0.0759;697
21000;21000;60;10250;0.1875;0.1131;697
6000;5925;36;6333.33;0.1183;0.0344;707
10800;10800;60;7500;0.1367;0.0094;732
2100;2100;36;1000;0.1433;0.035;692
4000;4000;36;6583.33;0.0603;0.1513;772
3500;3500;36;4333.33;0.0762;0.2093;727
24250;23811.24;36;18750;0.1253;0.127;727
19000;19000;60;5000;0.1433;0.1606;717
10500;10477.85;36;3083.33;0.1533;0.143;672
2500;2500;36;3916.67;0.1849;0.2249;672
16000;16000;36;5416.67;0.1459;0.0947;692
3000;1300;36;1000;0.1375;0.193;667
10000;10000;36;7500;0.0542;0.1041;782
7100;7100;36;4166.67;0.1409;0.1922;687
12500;12425;36;4166.67;0.0932;0.1171;782
1700;1700;36;1200;0.1399;0.2067;677
4000;4000;36;6666.67;0.1114;0.122;672
18225;18225;36;3083.33;0.1799;0.2335;677
30000;30000;60;13666.67;0.1629;0.2028;737
10000;10000;36;6916.67;0.0654;0.1705;732
6000;6000;36;7500;0.079;0.0251;722
6000;6000;36;5000;0.1212;0.074;677
6000;6000;36;1666.67;0.158;0.1956;677
7000;7000;36;4750;0.1777;0.1815;667
10000;10000;36;4166.67;0.1531;0.0955;672
3250;3250;36;5000;0.1273;0.2144;677
30000;29950;60;10416.67;0.1972;0.2192;687
21000;21000;36;18750;0.1111;0.1653;702
11000;11000;36;7666.67;0.0762;0.1235;737
5500;5400;36;3916.67;0.0714;0.1986;752
15000;15000;36;2916.67;0.079;0.0559;772
20000;17890.7;60;7916.67;0.1991;0.1749;672
7200;6250;36;5100;0.0807;0.17;762
4000;4000;60;4000;0.1864;0.1915;677
20000;20000;36;7083.33;0.089;0.1101;732
15000;15000;36;5000;0.1212;0.1916;707
8000;7825;36;5417;0.1183;0.0812;732
15000;14900;60;5833.33;0.1974;0.168;662
8000;8000;36;7000;0.1114;0.1159;687
20675;20675;36;4333.33;0.1433;0.2312;712
30000;30000;60;8500;0.1531;0.1699;697
12000;11875;36;5416.67;0.0766;0.1331;742
5000;5000;36;5316.67;0.0999;0.2133;697
4750;4750;36;2833.33;0.089;0.0056;762
6500;6500;36;3500;0.1212;0.2497;682
21600;20550;36;9000;0.1059;0.094;722
1900;1900;36;2860;0.1284;0.2329;672
6000;6000;36;10416.67;0.079;0.0668;712
8500;8500;36;4333.33;0.0762;0.1367;722
9250;9250;36;3333.33;0.1212;0.2946;687
1875;1875;36;1200;0.1349;0.1883;677
2500;2450;36;1930.75;0.1261;0.0378;677
10000;10000;36;4583;0.1347;0.0559;692
25000;25000;60;8917;0.1523;0.1797;732
5000;5000;60;3083;0.1399;0.1129;712
6000;5996.63;60;2700;0.1361;0.2085;697
10000;10000;36;2541.67;0.1422;0.1224;682
5375;5325;36;3000;0.0662;0.2093;732
19000;18898.03;60;4333.33;0.1632;0.2241;702
5500;5500;36;3583.33;0.1189;0.1794;697
10000;10000;36;5833.33;0.1074;0.1815;702
8800;8800;60;2500;0.1311;0.0288;742
9500;9475;60;6000;0.1595;0.2488;707
12000;9294.21;36;6700;0.0579;0.0949;767
16500;16500;36;7250;0.1171;0.1105;727
25000;24875;60;6250;0.1171;0.1342;757
24000;24000;36;4500;0.1212;0.1624;702
7000;6875;36;5000;0.1036;0.1394;692
1200;1200;36;1700;0.1825;0.2412;662
24175;24175;36;6250;0.1311;0.0766;712
2800;2800;36;3583.33;0.079;0.1716;722
4000;4000;60;3500;0.1171;0.1317;707
10000;10000;36;7500;0.1212;0.1088;667
7125;7125;36;2946.67;0.1016;0.0495;712
10000;9325;36;6666.67;0.0832;0.0625;752
10000;10000;36;6250;0.1311;0.053;697
4400;4398.89;36;4625;0.1531;0.2151;672
10000;10000;36;4166.67;0.1212;0.1152;712
9450;9450;36;2750;0.1212;0.3362;702
3500;3500;36;7500;0.0762;0.0183;767
24000;24000;60;10000;0.1269;0.2159;727
11750;11750;36;4583.33;0.1099;0.103;702
30000;24800;36;9583.33;0.1016;0.0221;767
12000;12000;36;13333.33;0.1875;0.2732;667
13000;13000;36;7916.67;0.1409;0.1799;697
5000;5000;36;3800;0.1348;0.1121;712
15000;15000;36;9166.67;0.1433;0.1615;702
16000;15975;60;5000;0.1343;0.068;747
12000;11975;60;7083.33;0.1523;0.1391;707
10050;10050;36;7266.67;0.1433;0.0797;677
35000;25850;60;10000;0.1523;0.2274;762
30000;30000;60;7500;0.2295;0.3056;687
24250;24175;36;5000;0.1218;0.219;742
16000;16000;36;12916.67;0.0603;0.0607;792
9000;8996.01;36;5166.67;0.1505;0.2375;677
17000;16750;60;8500;0.1112;0.1791;752
5400;200;36;666.67;0.0775;0.03;762
12000;12000;36;3833.33;0.1212;0.2696;692
2000;2000;36;1666.67;0.1727;0.0864;672
24000;24000;36;4583.33;0.1269;0.1953;712
16800;16800;60;4000;0.2247;0.1355;662
3000;3000;36;2750;0.1727;0.2287;662
3500;3500;36;7083;0.1269;0.0536;667
4000;3910.45;36;3600;0.0766;0.2092;727
16000;15975;36;3333.33;0.1629;0.3291;697
8800;8800;60;2916.67;0.1825;0.1389;687
19725;19725;36;6916.67;0.079;0.0646;757
19750;19725;36;5166.67;0.1596;0.2414;682
19750;19725;60;4000;0.2077;0.1485;672
10000;10000;36;10000;0.1632;0.0169;697
5000;0;36;2600;0.0863;0.0192;732
9600;9600;36;4333.33;0.0662;0.0382;762
30000;29975;60;12500;0.2149;0.1532;707
7000;7000;36;7083.33;0.1242;0.1511;687
8400;8400;36;2083.33;0.1074;0.0782;722
5600;5600;36;3333.33;0.1433;0.2529;677
20000;13175;60;19583;0.0788;0.1251;792
15000;15000;36;3166.67;0.1212;0.0341;722
17500;17500;60;3500;0.1323;0.2303;737
32400;32400;60;8750;0.1212;0.0128;792
12000;11975;36;7083.33;0.1212;0.1084;687
10000;9875;36;2250;0.1409;0.164;682
12300;12275;36;4738.67;0.0788;0.2214;747
15000;15000;36;8750;0.1114;0.1551;692
5000;4446.5;36;2500;0.1197;0.2076;687
20000;20000;36;14166.67;0.1311;0.1487;697
21725;21725;36;9166.67;0.1629;0.2911;697
5000;5000;60;4000;0.1;0.0928;737
10300;10300;36;2583.33;0.089;0.3337;717
14400;14400;36;4166.67;0.2049;0.1884;662
15000;15000;36;6294.25;0.1649;0.1492;682
35000;35000;60;13333.33;0.1972;0.2238;692
7000;7000;36;3166.67;0.158;0.1153;677
12500;12500;60;5300;0.1596;0.1387;697
18000;18000;36;6666.67;0.1212;0.1008;707
6000;6000;36;4166.67;0.1189;0.0977;697
16000;16000;36;5750;0.089;0.1485;727
35000;34950;60;8333.33;0.2328;0.1595;677
10000;10000;36;13166.67;0.0662;0.0316;737
21000;21000;60;9166.67;0.247;0.2587;677
8000;8000;36;4166.67;0.1212;0.079;707
33600;32058.53;60;20000;0.203;0.1356;697
11050;10878.55;36;5250;0.1474;0.1547;677
16000;16000;36;7666.67;0.1531;0.19;697
15000;15000;60;4583.33;0.1465;0.1721;732
12000;12000;36;8000;0.1433;0.1353;687
4000;3975;36;1700;0.1496;0.0476;672
12000;12000;36;5129;0.1799;0.1989;662
12000;12000;36;10333.33;0.1036;0.1192;692
7500;7500;36;2583.33;0.0542;0.2226;787
24000;23568.65;36;11666.67;0.0788;0.1441;787
16000;16000;36;6000;0.1531;0.1992;692
12200;12200;60;6666.67;0.2148;0.0912;697
12000;12000;36;8054.5;0.1016;0.1193;712
12000;12000;36;3333.33;0.1531;0.2586;667
9800;9775;36;6666.67;0.0599;0.1444;767
7000;7000;36;6833;0.1472;0.1139;672
10000;10000;36;5500;0.1171;0.0218;722
10000;10000;36;4958.33;0.1311;0.1938;712
17000;16975;60;4666.67;0.1199;0.1269;747
18000;17975;60;4666.67;0.1922;0.1604;677
15600;6575;36;15000;0.1197;0.0665;682
16750;9445.58;36;3750;0.1241;0.2475;722
7200;7200;36;3208.33;0.1212;0.1861;682
1500;1500;36;5000;0.1299;0.206;692
13600;13600;36;5416.67;0.1212;0.2094;687
30000;30000;60;11250;0.2433;0.1124;672
10000;10000;36;2500;0.1777;0.2632;682
10000;9850;36;5916.67;0.1025;0.1398;732
10000;10000;36;3746.58;0.1171;0.0598;697
7000;6975;36;3041.67;0.1316;0.2232;702
4700;4700;36;3416.67;0.079;0.1065;762
21200;21200;36;7916.67;0.0991;0.2523;722
15000;14875;36;5000;0.1905;0.1449;667
2800;2800;36;3458;0.1417;0;682
15000;14875;36;4166.67;0.1311;0.1375;702
24925;24925;60;6250;0.1114;0.248;737
15000;15000;36;5416.67;0.1171;0.207;707
9100;9100;36;3500;0.0603;0.1466;782
12000;11950;36;5416.67;0.1212;0.2298;692
16250;16250;60;4300;0.2328;0.1167;662
25000;25000;60;7666.67;0.1849;0.1008;717
30000;30000;36;9000;0.1531;0.0725;662
4800;544.89;36;7083.33;0.1159;0.1319;682
3000;3000;36;6333.33;0.1212;0.1493;682
17000;16650;36;5292;0.1218;0.158;717
12000;12000;36;5833.33;0.1756;0.2181;682
27575;27575;60;13125;0.1905;0.1061;672
5000;5000;36;3000;0.089;0.2147;717
9000;9000;36;3466.67;0.1311;0.1267;682
12000;11650;60;5683;0.1323;0.2076;732
16500;16500;36;4583.33;0.079;0.2723;762
18000;13003.66;36;6000;0.1189;0.223;747
30000;29975;60;5833.33;0.1864;0.0447;722
30000;29975;60;7083.33;0.205;0.108;707
10000;7945.17;36;3583.33;0.1316;0.2447;682
12000;12000;36;10000;0.158;0.0933;677
10000;10000;36;4285.5;0.1016;0.1311;712
3800;3800;36;3666.67;0.1465;0.2258;672
18775;18775;36;5850;0.1016;0.2533;717
7200;7200;36;2500;0.1727;0.2048;672
25450;25425;60;4416.67;0.1399;0.2638;722
6000;5975;36;5750;0.1112;0.2059;707
8000;8000;36;7250;0.0599;0.0959;762
10000;10000;36;4083.33;0.1427;0.1661;677
4800;4800;60;3333;0.1465;0.2238;697
7000;7000;36;5166.67;0.1212;0.1249;677
9975;9975;36;5000;0.079;0.0713;722
30075;30050;60;5083.33;0.2295;0.2154;682
10000;10000;36;8333.33;0.1059;0.1708;712
30000;30000;60;5833.33;0.1212;0.1097;752
16000;16000;60;4666.67;0.1727;0.0844;697
21200;21175;36;4500;0.1849;0.3062;677
6500;6500;36;3208.33;0.0751;0.015;807
19000;19000;36;3833.33;0.0976;0.1643;727
6500;5329.76;36;1750;0.1189;0.0857;722
1500;1500;36;3583.33;0.2149;0.1359;687
24000;24000;60;11666.67;0.2363;0.2507;662
20000;20000;36;8333.33;0.1875;0.1736;677
10000;10000;36;4166.67;0.1349;0.0588;697
10000;6350;36;13750;0.092;0.0033;732
10000;10000;60;3250;0.1114;0.1582;797
9000;9000;60;4333.33;0.1991;0.1574;672
4200;4200;36;2750;0.1136;0.0749;687
6625;6625;36;2916.67;0.1777;0.3343;667
15000;15000;36;8833.33;0.1596;0.0432;682
3825;3825;36;2495.83;0.1427;0.2468;672
4200;4200;36;7000;0.0925;0.1583;702
17325;17325;36;3333.33;0.089;0.1828;727
25000;25000;60;8606.56;0.1849;0.2756;722
8000;7925;36;2083.33;0.1749;0.1872;697
12000;12000;36;4416.67;0.0662;0.1236;767
5000;5000;36;3125;0.0603;0.1574;767
14000;14000;36;4583.33;0.0999;0.1684;752
30000;30000;36;8791.67;0.2278;0.179;662
10750;10750;36;2750;0.089;0.0604;767
24000;23772.15;60;8333.33;0.1299;0.1554;742
10000;10000;36;6041.67;0.1531;0.1998;672
16550;16550;36;4333.33;0.1727;0.3256;677
3300;3300;36;2500;0.0599;0.1104;742
8000;8000;36;3500;0.1409;0.21;677
35000;32117;60;5416.67;0.1689;0.1684;747
14000;14000;36;3200;0.1065;0.2453;722
18000;18000;60;8333.33;0.089;0.053;757
10000;9999.71;60;2500;0.1349;0.178;722
3600;3600;36;8750;0.1677;0.1345;672
12000;10928.83;36;8000;0.0579;0.0225;767
4200;4200;60;3166.67;0.2049;0.288;662
4200;4200;36;6333.33;0.1461;0.1528;667
11200;11200;60;5583.33;0.2174;0.063;662
15000;15000;36;4583;0.1599;0.0768;677
12100;12100;36;8750;0.1199;0.2478;757
14000;13975;60;3145.83;0.1398;0.102;717
4900;4900;36;2666.67;0.0599;0.0664;772
19200;19200;36;3583.33;0.1212;0.2958;717
8500;8500;36;5333.33;0.0976;0.0658;707
12000;11875;36;3333.33;0.0788;0.1479;762
21000;21000;60;6000;0.1922;0.1387;682
35000;24868.47;60;14000;0.1799;0.0639;717
10000;10000;36;3833.33;0.1212;0.156;687
10000;9975;60;4300;0.1799;0.0893;687
12000;12000;36;5746;0.1849;0.0944;662
12000;10325;60;4166.67;0.1199;0.0679;722
4000;3945.6;36;3350;0.0676;0.2352;757
20000;20000;60;5416.67;0.1972;0.2478;677
24375;24375;36;11500;0.1399;0.1364;697
7500;4538.17;36;5000;0.0907;0.0486;752
9550;9550;36;4000;0.1074;0.1433;702
25000;24975;60;5077.58;0.205;0.0959;692
3600;3600;36;6333;0.1287;0.0158;692
10000;10000;36;6083.33;0.1111;0.2015;702
20000;20000;36;10333.33;0.0662;0.1112;792
35000;35000;36;8300;0.1074;0.093;742
12000;12000;36;10416.67;0.1212;0.0724;712
5600;2025.01;36;6083.33;0.1482;0.206;657
20000;20000;36;15000;0.079;0.0838;752
18000;18000;36;5925;0.1016;0.2608;712
8000;7575;36;2430;0.0751;0.044;767
4000;4000;36;4166.67;0.0976;0.1589;707
6000;5975;36;2100;0.079;0.1886;717
15000;15000;36;4333.33;0.1777;0.1334;672
20950;20950;60;6666.67;0.1367;0.089;747
10625;10625;36;3333.33;0.079;0.2235;727
9000;9000;60;3500;0.1016;0.1477;757
20000;11800;36;4166.67;0.1148;0.2352;747
25800;25800;36;4833.33;0.1311;0.1899;717
10000;10000;36;4166.67;0.0662;0.1145;762
12000;7595.31;36;3333.33;0.1158;0.1107;717
18650;18650;36;4833.33;0.2049;0.2007;662
10000;10000;36;3816.67;0.1212;0.1693;712
14000;14000;36;12083.33;0.1677;0.0967;672
14000;14000;36;9166.67;0.1409;0.275;697
14400;13714.83;60;5000;0.1756;0.0706;672
8000;8000;36;3108;0.1433;0.1474;692
12000;11925;36;10250;0.1183;0.1588;722
24375;24375;36;10416.67;0.1311;0.1086;707
3500;3500;36;7247;0.079;0.2204;712
7900;7900;36;3000;0.1367;0.084;677
10000;10000;36;3640;0.1212;0.1962;697
10400;10375;60;7110.42;0.1758;0.0893;727
7500;7450;36;2916.67;0.0714;0.0861;757
18800;18800;60;5000;0.1433;0.3096;722
21000;21000;36;7916.67;0.1311;0.1844;697
8500;8500;36;6300;0.0662;0.0724;752
13200;13200;36;3791.67;0.1171;0.1574;707
3000;3000;60;4416.67;0.1999;0.1963;712
19200;19200;60;5666.67;0.2247;0.1039;672
13600;13600;60;5651.33;0.1864;0.1285;677
6000;6000;36;5500;0.0788;0.096;732
22000;22000;60;3912;0.1465;0.2926;707
12000;12000;36;3333.33;0.1531;0.138;667
5000;5000;36;8125;0.1839;0.1371;677
31050;30750;36;6500;0.079;0.1882;772
10000;10000;36;6666.67;0.079;0.128;732
10000;10000;36;3750;0.1409;0.2145;702
13250;13250;36;2500;0.079;0.2264;742
5000;5000;36;5208.33;0.1427;0.1841;697
14675;14675;36;3166.67;0.1311;0.2474;712
7000;6875;36;2375;0.1;0.0168;747
6000;6000;36;1666.67;0.1777;0.3276;667
20000;20000;60;4500;0.1269;0.1796;737
7000;7000;36;3916.67;0.1212;0.3179;697
1500;1500;36;3625;0.1212;0.1537;697
35000;35000;36;11000;0.1849;0.1633;707
20000;20000;60;6666.67;0.1825;0.129;697
21000;21000;60;5333.33;0.1427;0.1127;712
12500;12475;36;4944.92;0.0603;0.1482;757
25000;2125;36;15416.67;0.1501;0.2459;697
9600;9600;60;5500;0.1446;0.1027;682
8100;8100;36;4600;0.1385;0.1763;677
15000;15000;36;3666.67;0.1465;0.2007;692
15000;14950;60;14000;0.1632;0.0753;687
11000;11000;36;5000;0.1114;0.1657;697
9600;9600;36;5416.67;0.1417;0.1861;672
25000;25000;36;5000;0.1311;0.1852;777
14550;14550;36;4583.33;0.1311;0.2134;687
10000;10000;36;2500;0.1074;0.1788;702
24000;24000;60;8000;0.1114;0.2098;707
20000;19950;60;5200;0.1065;0.2402;747
25000;24975;36;25000;0.1149;0.1178;727
7200;7200;36;3250;0.1777;0.0218;672
5000;5000;36;2916.67;0.1433;0.1112;677
20000;19975;60;5000;0.1649;0.1616;712
5600;5600;36;3166.67;0.0791;0.2021;732
20000;20000;36;10400;0.079;0.013;752
6000;6000;36;12500;0.089;0.1716;717
3200;3200;60;2609;0.1749;0.079;672
24375;24375;36;4583.33;0.1409;0.2636;712
25225;25225;36;6500;0.1212;0.3077;717
20000;19900;60;6666.67;0.1595;0.122;702
30225;30225;36;8333.33;0.1777;0.2815;712
7000;7000;36;3352;0.074;0.0889;772
35000;14869.55;60;6308.75;0.1565;0.2619;737
7575;7575;36;2375;0.0976;0.1099;727
15000;15000;36;4166.67;0.1311;0.1655;697
24000;24000;60;10000;0.1581;0.0062;727
19800;19775;60;6666.67;0.1531;0.1503;677
9250;6475;60;8500;0.1075;0.0341;757
6000;6000;36;6916.67;0.1596;0.0638;662
3500;3500;36;5000;0.1531;0.0714;687
7200;5675;36;4500;0.1482;0.0967;647
12000;12000;36;7500;0.0603;0.2257;762
20000;20000;36;7258.33;0.079;0.1359;732
3900;3900;36;2583.33;0.1212;0.0755;687
16000;16000;60;3416.67;0.1922;0.2128;682
15000;15000;36;8583.33;0.1599;0.1134;677
28200;28200;60;4833.33;0.205;0.156;697
15000;14975;36;6666.67;0.1349;0.0344;707
7400;7400;36;4166.25;0.1399;0.2052;677
15000;15000;36;5150;0.1059;0.1466;732
4500;4500;36;3644.83;0.0599;0.2146;767
3000;3000;36;4789.33;0.1409;0.1236;682
9000;9000;36;5833.33;0.1427;0.1874;677
4000;4000;36;4583.33;0.089;0.2411;707
10000;10000;36;2916.67;0.1727;0.2184;667
6400;6400;60;3500;0.1599;0.2443;692
4325;4325;36;11000;0.1016;0.0179;717
12000;12000;36;4583.33;0.1311;0.1704;697
10000;10000;36;9000;0.1531;0.104;667
12000;12000;36;6250;0.1016;0.0805;722
6000;6000;36;4333.33;0.1212;0.0494;692
2200;2200;36;6666.67;0.1349;0.0327;702
5000;5000;36;5000;0.1427;0.17;672
12000;12000;60;3376;0.1969;0.1623;667
3000;3000;36;5583.33;0.079;0.2203;707
30000;30000;60;13999.17;0.2149;0.1689;702
10800;10800;36;5833.33;0.1212;0.267;697
10500;10500;36;8750;0.1825;0.1152;662
10000;10000;36;10833.33;0.0662;0.0549;757
24000;23950;36;5791.67;0.1212;0.2668;717
16000;16000;36;3333.33;0.1409;0.0285;692
15000;15000;36;3500;0.1399;0.126;707
9500;9500;36;4500;0.2198;0.1601;662
35000;35000;36;18750;0.1905;0.1575;692
5000;5000;36;4166.67;0.079;0.2182;727
15000;15000;36;6250;0.1171;0.117;702
5000;5000;36;1750;0.1531;0.1737;677
19000;18975;36;4548.83;0.1114;0.1983;777
11625;11625;36;2860;0.158;0.3112;682
25000;25000;36;6750;0.0762;0.1345;752
8000;8000;36;7916.67;0.1269;0.0767;687
9800;9675;36;3583.33;0.0859;0.1499;762
6000;5975;36;5000;0.08;0.0106;767
10200;10200;36;5833.33;0.1242;0.1786;707
10500;10500;36;4853.33;0.0662;0.1626;762
5000;5000;36;5500;0.079;0.0775;727
17500;17500;36;5416.67;0.079;0.0797;812
4000;4000;36;1600;0.1903;0.1056;687
22000;22000;36;3916.67;0.1212;0.1693;717
5000;4900;36;5520;0.0579;0.0918;752
8000;8000;36;6916.67;0.1629;0.2919;687
19125;19125;60;4166.67;0.1849;0.291;702
16000;16000;36;4166.67;0.1212;0.1823;702
4500;4500;36;6000;0.1459;0.1735;662
5800;5800;60;1416.67;0.2245;0.1186;667
10000;525;36;5416.67;0.147;0.0637;647
16750;16750;36;5666.67;0.1875;0.0884;682
3600;3600;36;3333.33;0.1212;0.2716;697
10000;10000;36;7500;0.1562;0.1219;672
6000;6000;36;4250;0.0542;0.0151;802
10000;10000;36;7416.67;0.0762;0.1326;737
10000;10000;36;7166.67;0.1777;0.058;687
5000;5000;36;18750;0.0749;0.1645;747
35000;34950;60;7331.25;0.2376;0.2422;667
7000;7000;36;6000;0.079;0.2072;717
3000;1647.62;36;4583.33;0.102;0.0033;802
28000;28000;36;6250;0.1562;0.057;697
15200;6800;60;12083.33;0.1558;0.1922;692
15775;15775;36;4000;0.1465;0.0337;712
30000;22425;36;22916.67;0.1059;0.0815;767
3000;3000;36;4166.67;0.0991;0.0475;712
15350;15350;36;4400;0.1849;0.1509;672
26500;26500;60;5416.67;0.0976;0.1719;787
6400;6400;60;6250;0.06;0.0309;697
13200;13200;36;3833.33;0.1433;0.2875;697
12000;12000;36;7300;0.1149;0.1773;707
4000;4000;36;7917;0.0603;0.3367;802
2500;2500;36;6166.67;0.0662;0.1096;732
28000;27925;36;6666.67;0.1855;0.0899;702
9000;8975;36;12500;0.089;0.0733;732
6600;6600;36;6250;0.0603;0.1669;752
27050;27050;60;5025;0.1727;0.2759;707
4800;4800;36;4583.33;0.1599;0;677
7550;7550;36;8333.33;0.1016;0.0383;712
10000;10000;36;7083.33;0.0774;0.0017;777
12500;12275;36;4333.33;0.1126;0.1221;732
27575;27575;36;5166.67;0.1905;0.193;662
20000;20000;36;7238.92;0.1311;0.0394;722
15000;14900;36;3000;0.1461;0.0917;732
18000;18000;36;10500;0.089;0.1279;732
5400;5375;36;3000;0.089;0.0627;787
23000;22950;36;7083.33;0.1581;0.1602;697
8000;7950;36;5833.33;0.0579;0.1965;772
3000;2950;36;1200;0.1269;0.0425;707
7200;7200;36;7083.33;0.0692;0.1172;782
15350;15350;36;5666.67;0.158;0.0741;672
6000;6000;36;3333.33;0.1212;0.2121;687
15000;8081.65;36;2583.33;0.1316;0.1316;757
5000;5000;60;4416.67;0.1268;0.1259;692
2575;2575;36;6875;0.0676;0.048;762
1800;1800;36;4250;0.1367;0.2421;672
10000;10000;36;5416.67;0.1409;0.2644;702
7750;7750;36;2916.67;0.1074;0.0651;707
12000;12000;36;5666.67;0.1629;0.2876;662
10000;10000;36;8333.33;0.0603;0.16;782
4950;4950;36;4166.67;0.1367;0.1411;667
8400;8350;36;3200;0.0603;0.1534;762
3500;3500;36;5416.67;0.1212;0.1782;697
12000;12000;36;7083.33;0.1629;0.1837;667
18000;18000;60;5562.92;0.2247;0.1717;662
14675;14650;60;3167;0.1299;0.2918;727
13000;13000;36;3250;0.1409;0.1609;677
15000;15000;36;4166.67;0.1311;0.3312;697
8250;8205.63;36;3300;0.0932;0.2445;757
6900;6900;36;4166.67;0.1409;0.1778;687
35000;35000;60;10416.67;0.2049;0.1254;687
25000;23995.24;36;11166.67;0.1062;0.1221;752
9600;9600;36;3833.33;0.1114;0.2058;707
9000;8975;36;6750;0.0662;0.1711;757
6500;6500;36;6000;0.089;0.3145;742
1750;1750;36;1833.33;0.1114;0.0802;722
5000;5000;36;2833.33;0.0542;0.2315;752
6000;6000;36;2500;0.158;0.164;672
25000;25000;36;6083.33;0.1409;0.1913;702
13000;13000;36;3358.33;0.1433;0.1108;692
5875;5875;36;5416.67;0.079;0.1475;722
5000;5000;36;4583.33;0.1629;0.2077;662
16000;7925;60;5500;0.1645;0.1666;682
12000;12000;60;6666.67;0.0962;0.1412;732
35000;35000;36;13933.33;0.1212;0.199;722
4800;4775;36;2800;0.0579;0.1171;737
6500;6500;36;2253;0.1111;0.1398;682
25000;25000;36;11500;0.1306;0.0414;737
1000;1000;36;9333.33;0.0762;0.0559;787
16000;16000;36;4166.67;0.1348;0.1517;702
7675;2275;36;11666.67;0.1513;0.1808;647
13600;13600;36;10000;0.089;0.1094;722
12000;12000;36;5500;0.1531;0.3291;682
15000;15000;36;5250;0.1037;0.2672;752
7125;7125;36;5636.75;0.1849;0.1118;677
35000;34977.35;60;20833.33;0.2167;0.1425;677
11575;11575;60;3750;0.1311;0.1837;727
5000;5000;36;6000;0.074;0.1422;782
5000;5000;36;2500;0.0762;0.0304;737
5000;527.49;36;4833;0.1324;0.1328;662
7000;7000;36;6250;0.079;0.1261;722
20000;16755.89;36;6916.67;0.145;0.254;717
7000;7000;36;4583.33;0.0692;0.1715;737
20000;19900;36;7833.33;0.1025;0.1751;762
6000;6000;36;7750;0.079;0.2013;727
14000;14000;36;21666.67;0.0766;0.1068;737
30000;30000;36;9166.67;0.1905;0.1477;687
18225;18200;36;5000;0.1758;0.2464;662
12000;12000;36;11667;0.0729;0.1615;722
10000;10000;36;5833.33;0.1212;0.1299;692
16300;16275;36;5222;0.1491;0.2417;677
11000;2116.76;36;4167;0.1387;0.2093;672
25000;20850;60;5666.67;0.1558;0.006;787
24000;24000;36;7500;0.1212;0.2901;672
6000;6000;36;2462.75;0.0749;0.0881;717
10000;9975;60;5623.33;0.1149;0.2269;767
2000;2000;36;3000;0.089;0.237;732
6625;6600;36;1916.67;0.1114;0.1012;692
20000;6350.01;36;5333.33;0.1671;0.2083;662
12000;11925;36;6250;0.0963;0.0912;747
4200;4200;36;5133.33;0.0729;0.0658;767
6950;6875;36;7916.67;0.1311;0.1251;717
6000;6000;36;10916;0.0751;0.0474;767
8400;8400;36;7583;0.1099;0.2485;702
5000;5000;36;5833.33;0.0788;0.1661;727
4750;4750;36;3500;0.1016;0.3249;697
15000;14925;60;5761;0.1075;0.1755;787
12000;12000;36;2916.67;0.1629;0.0507;672
4000;0;36;3417;0.0768;0.1074;792
12800;12700;60;5166.67;0.1261;0.0902;727
12000;11950;60;9866;0.089;0.0975;797
9425;9425;36;3750;0.1349;0.1571;672
28000;28000;36;27083.33;0.1242;0.0298;732
30000;29975;60;8666.67;0.21;0.1712;712
9600;9600;36;5166.67;0.1839;0.1469;662
7800;7242.07;36;6000;0.1284;0.1677;697
12000;12000;36;5833.33;0.1065;0.2606;722
9600;9600;36;6000;0.1531;0.1282;677
6000;6000;36;5000;0.1062;0.2338;707
7500;7500;60;1820;0.1111;0.2363;722
7000;6950;36;2750;0.0603;0.0829;762
10000;10000;36;4333.33;0.1171;0.0585;687
3200;2799.99;36;6476;0.1261;0.1672;667
13000;12850;36;10533.33;0.1038;0.1172;727
35000;35000;60;10000;0.247;0.0826;662
20800;20775;36;10833.33;0.0662;0.1564;712
1600;1600;36;2666.67;0.1629;0.078;662
10050;9900;36;2500;0.0603;0.2072;752
8000;7997.85;36;8583.33;0.1799;0.2111;672
16000;16000;36;6250;0.1212;0.243;717
11700;11675;36;3320.83;0.079;0.0563;722
13475;13475;36;5666.67;0.1212;0.2827;707
14500;14500;36;10000;0.0542;0.0715;802
5000;5000;36;3083.33;0.1461;0.0636;667
13600;13575;36;11250;0.0662;0.1731;752
2200;2200;36;7083.33;0.089;0.1402;717
9000;9000;36;5833.33;0.0976;0.1867;707
27925;27925;60;7000;0.2247;0.0394;687
9450;9450;36;2916.67;0.1433;0.2451;672
15175;15175;60;4333.33;0.2025;0.1878;667
10000;10000;36;3166.67;0.0749;0.0777;737
16000;16000;36;5416.67;0.1629;0.2062;682
13200;13200;36;3333.33;0.1531;0.0861;682
20000;20000;60;15416.67;0.1875;0.063;697
8500;8500;36;2583.33;0.1777;0.18;667
3000;3000;36;3833;0.1427;0.1077;672
10000;10000;36;5583.33;0.1531;0.1899;677
14075;14075;36;10416.67;0.1629;0.1102;702
19000;19000;60;4500;0.1972;0.1985;682
25000;11696.88;36;8666.67;0.1284;0.0552;762
9000;9000;36;4229.17;0.1311;0.2388;687
6775;6775;36;6666.67;0.1311;0.102;687
2200;2200;36;2500;0.1523;0.162;677
10800;10550;36;11250;0.08;0.0682;792
16800;16800;60;6666.67;0.1433;0.2175;677
3500;3500;36;6833.33;0.1562;0.1441;662
9250;9250;60;4448;0.1879;0.1927;662
23400;23400;36;5580;0.0749;0.1566;742
10375;10375;36;4500;0.079;0.2764;747
9325;9300;36;3333.33;0.1409;0.2135;697
18000;18000;60;6500;0.2148;0.1582;667
5375;5375;36;3416.67;0.089;0.2948;722
3700;3700;36;3000;0.158;0.322;692
19125;19125;36;4166.67;0.1849;0.091;677
1625;1625;36;1666.67;0.1531;0.0432;747
26000;25975;60;4416.67;0.1677;0.1177;732
6650;6650;60;3084;0.1825;0.1712;682
1000;1000;36;4666.67;0.1149;0.2136;672
18000;17896.62;36;5833.33;0.1442;0.0789;722
8000;7975;36;3521;0.1284;0.1673;682
4575;4575;36;5833.33;0.1565;0.1431;682
35000;34950;60;14166.67;0.2197;0.1932;692
10000;10000;36;4375;0.1212;0.1246;697
32350;32350;36;6000;0.1849;0.2014;662
16000;16000;36;3600;0.1298;0.1586;702
13750;13750;36;3000;0.1409;0.2477;692
5600;5600;36;11666.67;0.1114;0.2796;667
21000;20950;60;7458.33;0.2376;0.2482;662
12000;12000;36;5416.67;0.079;0.2199;732
12000;12000;36;6250;0.1349;0.1629;682
3600;3600;36;5750;0.1399;0.1;672
25000;15175;60;7083.33;0.1632;0.2219;707
8400;8400;60;4833.33;0.0925;0.2247;762
24375;24300;60;4708.33;0.158;0.3061;702
8575;8575;36;4541.67;0.158;0.3441;677
13800;13800;36;4250;0.1212;0.1711;697
17000;17000;36;5083.33;0.1149;0.1369;697
11000;11000;36;4666.67;0.1367;0.1344;677
7800;7800;36;2508.33;0.1435;0.2189;682
3725;3725;36;11666.67;0.1059;0.1857;697
11000;11000;36;5000;0.1727;0.1144;667
8500;8500;36;3333.33;0.1531;0.0756;672
10000;10000;36;4583.33;0.0976;0.0683;707
12000;12000;60;4000;0.1171;0.233;727
31500;31425;60;5250;0.1212;0.2132;757
19000;19000;60;3617.21;0.1531;0.2765;707
12000;12000;36;8791.67;0.1016;0.1422;697
19125;19125;36;4000;0.1016;0.2558;727
6525;6500;36;3166.67;0.1607;0.1011;702
8975;8975;36;9166.67;0.079;0.2151;727
6000;5975;36;6250;0.0603;0.1141;782
20800;20800;60;6916.67;0.1922;0.155;682
8400;8400;36;4166.67;0.1427;0.1195;682
20000;20000;36;13583.33;0.1849;0.1283;677
18550;18550;36;3941;0.1212;0.1137;712
9600;9600;36;4750;0.1212;0.2535;687
6000;6000;36;6666.67;0.0603;0.1268;777
14000;14000;36;7333.33;0.1531;0.1135;682
17000;16573.33;36;4333.33;0.1298;0.1572;707
13250;13225;36;3333.33;0.1065;0.2496;702
13000;13000;36;4166.67;0.0976;0.245;707
20000;20000;36;4166.67;0.1212;0.1635;702
7000;7000;36;2666.67;0.1531;0.1564;672
12000;12000;36;4166.67;0.1727;0.1507;667
4200;4200;36;10416.67;0.0762;0.0675;737
15000;7100;36;5000;0.1189;0.1242;717
1775;1775;36;3333.33;0.0654;0.1977;727
10000;10000;36;3250;0.1212;0.1881;697
14400;14375;60;6250;0.1269;0.1606;732
16000;13150;36;5416.67;0.0849;0.103;737
10000;9975;36;6307.42;0.1348;0.1457;682
3000;2950;36;5416.67;0.0579;0.0849;747
20000;20000;36;4333.33;0.079;0.2095;752
6000;6000;36;2176.67;0.158;0.21;687
7050;7050;36;5624;0.1349;0.1405;682
11325;11325;36;2833.33;0.1212;0.0861;727
2000;2000;36;4166.67;0.1629;0.3058;672
11000;6557.05;36;6667;0.1253;0.0162;692
10000;10000;36;2750;0.1433;0.2356;702
15000;15000;36;5000;0.1629;0.1067;667
23000;22975;60;5166.67;0.1864;0.2117;692
10000;10000;36;5416.67;0.1531;0.2603;677
4000;4000;60;9417;0.1223;0.0263;707
13000;12909.48;36;3200;0.1074;0.1925;717
5000;525;36;15000;0.0933;0.1193;717
6400;6400;36;6400;0.0751;0.0958;737
3825;3800;36;3333.33;0.079;0.0372;747
8000;8000;36;7750;0.1799;0.0396;662
8000;7975;36;1833.33;0.1727;0.086;667
6000;6000;36;11833.33;0.1531;0.0626;662
2500;2500;36;2583.33;0.089;0.2249;717
10000;10000;36;4625;0.1311;0.1872;687
14600;14600;36;2500;0.0976;0.2951;732
24000;23800;60;9166.67;0.2114;0.1292;662
2200;2200;36;5500;0.079;0.0816;772
10000;10000;36;8744.26;0.1311;0.1896;682
5000;5000;36;4583.33;0.0976;0.2828;697
12300;12300;36;3750;0.0751;0.2229;737
2500;2500;36;3166.67;0.1322;0.156;692
15000;14825;36;6691.67;0.1273;0.1689;702
1000;1000;36;1100;0.1074;0.09;717
18000;17975;36;3540;0.1171;0.1034;702
5000;5000;36;4583.33;0.158;0.1761;702
6000;5956.31;36;4980;0.0999;0.1786;687
2500;2500;36;2000;0.1037;0.243;707
6000;6000;36;2333.33;0.1016;0.0656;712
7000;5525;36;4158;0.0775;0.1037;767
4200;4200;36;6500;0.1306;0.1382;682
12500;12500;36;2083.33;0.1409;0.215;687
15400;9458.33;60;6500;0.1632;0.1517;697
30000;30000;36;10192;0.1777;0.0941;712
20700;20700;60;6250;0.1629;0.3295;722
7000;7000;36;5833.33;0.1311;0.2236;687
8000;8000;36;3166.67;0.079;0.0891;757
18000;18000;60;9051.83;0.2099;0.1163;672
12000;12000;36;7083.33;0.0662;0.0473;747
5500;5500;36;1800;0.1269;0.1933;672
18000;17975;60;5666.67;0.1099;0.1535;752
5400;5400;36;2666.67;0.1629;0.2003;662
18000;18000;60;7583.33;0.1212;0.1916;732
3000;3000;36;2000;0.1074;0.1555;707
21000;21000;36;5333.33;0.0762;0.0684;777
8000;8000;36;3291.67;0.1777;0.3456;727
1750;1750;36;2000;0.0788;0.2335;737
7500;214.02;36;3750;0.08;0.0717;797
9500;9500;36;5416.67;0.1465;0.0882;687
14500;14500;36;6250;0.1409;0.2778;707
4800;4800;36;2500;0.1999;0.2044;662
3800;3800;36;3583.33;0.0699;0.0318;742
20675;20675;60;3916.67;0.1727;0.133;712
3500;225;36;15000;0.1028;0.1;687
27050;27050;60;5083.33;0.1905;0.1289;692
8000;7850;36;6416.67;0.1533;0.1604;677
5300;5300;36;2500;0.1527;0.2488;662
5000;5000;36;6666.67;0.079;0.1285;732
15500;15500;36;9000;0.089;0.1636;702
11200;11200;36;8500;0.0791;0.1307;722
16000;16000;60;5416.67;0.2376;0.2706;667
21850;21850;36;10000;0.158;0.2629;692
2400;2375;36;2333.33;0.089;0.1123;707
2700;2700;36;3958.33;0.0579;0.1981;752
30100;30100;60;8333.33;0.1942;0.0331;707
20000;20000;60;7083.33;0.1433;0.1568;722
6000;6000;36;4166.67;0.0662;0.1603;807
2000;2000;36;2083.33;0.1465;0.1666;687
3200;766.09;36;2824;0.1286;0.1477;672
18000;17950;60;13333.33;0.1349;0.2835;742
15000;15000;36;15416.67;0.1527;0.0785;682
5000;5000;60;4167;0.1199;0.1485;727
7500;7500;36;4833.33;0.1367;0.1597;702
16000;16000;36;7415.83;0.1799;0.0564;667
20000;20000;36;5000;0.079;0.2142;757
24000;24000;60;7500;0.158;0.1673;667
25000;24925;36;7983.33;0.1595;0.1795;687
3000;3000;36;4166.67;0.0603;0.055;752
8000;7875;36;3833.33;0.1148;0.151;737
13000;13000;60;6517;0.1099;0.217;742
8000;8000;36;3500;0.0603;0.0451;817
10000;10000;36;5000;0.1212;0.3146;697
20000;19925;36;5200;0.1253;0.0365;782
21700;21700;36;5147.17;0.1531;0.1393;697
2500;2500;36;6250;0.1199;0.0998;682
10000;9869.17;36;3750;0.1496;0.1779;672
17000;17000;36;3083.33;0.079;0.2741;737
10000;10000;36;3750;0.0662;0.2424;767
14100;14100;36;3000;0.1855;0.227;667
26500;26500;60;5000;0.2049;0.3036;692
12000;12000;36;11166.67;0.1212;0.097;712
2200;-0.01;36;3333.33;0.1387;0.1035;642
7200;7200;36;8333.33;0.0762;0.0797;732
6500;1196.59;36;3333;0.0832;0.0543;742
19750;19750;60;6737.5;0.1727;0.1339;712
21000;20975;60;3476.8;0.1491;0.0964;727
3500;3500;36;18333.33;0.1581;0.1314;667
2650;2650;36;1482.92;0.0749;0.2111;727
15000;15000;36;5000;0.1311;0.1936;697
4800;4800;36;5833.33;0.1433;0.1891;697
12000;12000;36;3666.67;0.1799;0.1737;672
6000;6000;36;5000;0.0662;0.0388;762
12000;12000;60;6666.67;0.079;0.0188;792
1550;1550;36;5083.33;0.1212;0.1121;682
35000;35000;36;7500;0.1531;0.1959;697
3000;3000;36;4916.67;0.0714;0.1285;732
15000;14775;36;9166.67;0.1025;0.0572;722
14400;14400;36;5166.67;0.1849;0.3323;667
12000;12000;36;3333.33;0.0988;0.0516;757
20000;19975;36;5500;0.1999;0.0681;662
11700;11650;36;4583.33;0.0766;0.1213;747
7750;7750;36;4208.33;0.1311;0.2728;662
12000;12000;60;3000;0.1991;0.1173;662
6000;5750;36;4500;0.0714;0.0891;762
5000;5000;36;3333.33;0.079;0.2706;722
6000;6000;36;4183.33;0.1629;0.2096;667
25000;15925;60;7916.67;0.1036;0.1122;757
23000;23000;36;25000;0.0762;0.0651;812
10000;10000;36;5416.67;0.1311;0.0914;702
4800;4800;60;1600;0.0788;0.0788;767
20500;20500;36;4333.33;0.1212;0.3095;707
21000;20950;60;6750;0.1879;0.2031;692
7500;7500;36;2916.67;0.079;0.1179;822
16800;16800;36;6666.67;0.164;0.0702;677
10000;8851.08;36;4133.33;0.1166;0.084;687
12000;12000;60;4000;0.1649;0.1863;687
17900;17900;60;5000;0.1825;0.0736;707
24000;9675;36;18483;0.1715;0.127;672
9600;9600;36;2750;0.1433;0.2069;672
8000;8000;60;11583.33;0.1268;0.1878;702
9000;9000;36;6750;0.1343;0.1945;692
10000;10000;36;8083.33;0.1465;0.1925;677
8000;8000;36;5250;0.1629;0.0975;667
12000;12000;60;5000;0.1632;0.0974;682
20000;19950;36;6650;0.1114;0.1737;717
4800;4800;36;3750;0.0788;0.2395;712
28000;27950;60;10813.17;0.1942;0.0456;687
10000;10000;36;4000;0.1114;0.088;707
7300;7300;36;3416.67;0.0662;0.2011;732
8450;8450;36;3000;0.079;0.1093;732
20000;20000;60;5000;0.2198;0.1708;677
16000;16000;60;3466.67;0.2198;0.1099;667
30000;29950;36;10000;0.1727;0.1229;697
12000;11530.58;60;4166.67;0.1523;0.2018;702
24500;24450;36;12500;0.1183;0.1342;812
3000;2275;36;588.5;0.1375;0.0238;642
8000;8000;36;3083.33;0.1531;0.1862;682
17000;16786.31;36;10000;0.0894;0.0219;777
4200;4200;36;6041.67;0.1171;0.1597;682
1400;1400;36;2750;0.1427;0.0305;682
2500;2500;36;5130.42;0.1465;0.2358;672
12000;12000;36;3333.33;0.1531;0.1824;677
2200;2200;36;7167.92;0.1171;0.0102;727
35000;35000;36;14166.67;0.1629;0.1992;662
12000;12000;36;20833.33;0.1409;0.1021;697
9600;9575;36;3206.67;0.1399;0.1394;672
16500;16500;36;5416.67;0.0603;0.2265;817
15000;14450;60;6166.67;0.1186;0.1638;732
1500;1500;36;5555.08;0.1149;0.159;687
4000;4000;36;3333.33;0.1212;0.2595;707
4325;4250;36;4400;0.1075;0.1777;707
3600;3575;36;1500;0.0691;0.1907;717
28000;28000;36;14166.67;0.0762;0.1921;732
15000;15000;36;4000;0.1311;0.1873;697
5000;5000;36;1916.67;0.1531;0.1028;662
21000;21000;36;10700;0.1367;0.1142;712
5000;5000;60;3000;0.1714;0.0417;682
14400;14400;36;5083.33;0.1016;0.2854;707
13600;13600;36;3666.67;0.1311;0.2037;682
7500;7400;36;10000;0.0774;0.0772;777
18000;17975;36;5416.67;0.1905;0.3323;687
15000;10765.99;36;10000;0.0788;0.039;757
4800;4800;36;4800;0.1212;0.1694;682
10000;10000;36;3166.67;0.1311;0.2687;682
26500;26450;60;4416.67;0.1825;0.0367;722
15800;15450;36;8333.33;0.1114;0.2188;747
20000;20000;36;17500;0.089;0.0318;737
7000;7000;36;12208.33;0.1531;0.1474;687
24000;24000;36;6833.33;0.0762;0.1422;762
12000;12000;36;8333.33;0.1465;0.1139;687
10000;550;36;2083.33;0.1059;0.1022;687
23000;22975;36;7000;0.1199;0.2081;727
14000;13975;60;4666.67;0.1751;0.1644;697
18000;17975;60;5416.67;0.1875;0.2334;697
7000;7000;36;10250;0.1016;0.2401;707
12700;12700;60;5833.33;0.079;0.1947;777
12000;11975;60;4666.67;0.1398;0.1841;702
4500;4475;36;2700;0.1114;0.3474;692
1000;1000;36;6000;0.0788;0.1715;717
1000;1000;36;3000;0.1581;0.244;667
10550;10525;36;5583.33;0.1212;0.1875;687
17825;17825;36;6250;0.1409;0.1885;692
10750;10750;36;2666.67;0.1409;0.2614;722
13600;13600;36;6250;0.079;0.1261;742
20000;20000;60;7000;0.2247;0.2394;672
10050;10050;36;2500;0.1433;0.2459;687
30000;30000;36;6666.67;0.089;0.2665;742
27575;27575;36;5750;0.1727;0.3347;702
14675;14625;36;4416.67;0.1311;0.192;697
10000;10000;36;3333.33;0.1409;0.1779;677
7275;7275;36;7000;0.079;0.2541;722
4200;4200;36;2083.33;0.1727;0.1478;662
25000;24288.45;36;5250;0.1186;0.0743;732
13500;13500;60;2666.67;0.1969;0.1508;667
2200;2200;36;4750;0.1531;0.2884;677
20000;20000;36;3750;0.1399;0.0957;702
14000;14000;36;5500;0.1311;0.1678;682
12000;12000;36;12500;0.0662;0.1086;732
4200;4200;36;5000;0.1367;0.1252;712
7100;7100;36;2183.33;0.1114;0.1246;692
15000;15000;36;5416.67;0.1465;0.0552;702
15000;9364.4;36;6666.67;0.1095;0.0277;752
9000;8975;36;2500;0.1465;0.1436;667
23300;23275;60;13666.67;0.2383;0.3356;662
20000;20000;60;4166.67;0.158;0.2589;692
2000;2000;36;7583.33;0.1399;0.2513;672
25000;20737.86;60;10833.33;0.1398;0.0891;722
11975;11975;60;5382;0.1521;0.1981;697
10000;10000;36;4583.33;0.158;0.1357;677
9000;8800;36;3750;0.1148;0.1893;717
15800;15700;60;7388.42;0.1602;0.1964;712
10000;4082.56;36;10000;0.133;0.0631;662
3600;0;36;6290;0.1324;0.0914;657
10000;10000;36;3333.33;0.1311;0.0723;702
19500;19500;36;9250;0.205;0.0293;677
18000;18000;36;4250;0.0749;0.0852;757
22000;21950;36;6041.67;0.0888;0.1937;727
22350;486.13;36;11250;0.1407;0.0366;672
5000;5000;36;2500;0.1392;0.108;702
20000;20000;36;10833.33;0.0762;0.0661;772
7000;7000;36;5416.67;0.089;0.1469;722
15000;15000;60;7236.67;0.1409;0.0267;752
10000;9975;60;2333.33;0.1;0.057;807
25000;25000;60;6250;0.2149;0.0876;682
14400;14400;36;3333.33;0.1311;0.2052;702
10000;10000;36;2833.33;0.1065;0.1256;712
19750;19750;36;8333.33;0.1629;0.0468;702
10000;10000;36;4000;0.1171;0.1203;697
4550;4550;36;10833.33;0.1357;0.1746;682
7500;6392.86;36;7500;0.1083;0.2091;747
13075;13075;60;7291.67;0.1199;0.2252;717
7000;7000;36;2916.67;0.079;0.0765;712
3000;3000;36;2500;0.0749;0.2116;802
18000;17950;36;5166.67;0.1446;0.2385;687
14675;14675;36;3250;0.1629;0.2723;697
10000;10000;36;3750;0.1409;0.0848;677
9600;9600;60;8000;0.1074;0.0358;727
10000;10000;36;9166.67;0.1311;0.0301;662
1500;1500;36;5166.67;0.0691;0.1674;717
10000;10000;36;3750;0.1409;0.1917;682
7000;6963.08;36;4325;0.1311;0.1311;687
4000;4000;60;4721;0.1682;0.1582;687
16750;16750;36;9125;0.079;0.1816;712
5600;4350;36;2500;0.1292;0.082;662
11950;11950;36;5833.33;0.1433;0.2122;702
12000;12000;60;4166.67;0.1399;0.1034;717
5000;5000;36;4333.33;0.0751;0.0953;757
3800;3800;36;2641.67;0.1212;0.2336;707
9000;9000;36;3000;0.1065;0.2153;702
5000;5000;36;3333.33;0.0976;0.1779;697
7000;7000;36;3400;0.1186;0.1203;692
5000;5000;36;7333.33;0.1099;0.1466;727
20000;18126.99;60;4500;0.1199;0.2024;742
2000;2000;36;3600;0.1435;0.2206;667
29175;29175;36;5416.67;0.1311;0.2068;697
9000;8882.52;60;10000;0.1149;0.1387;752
27000;26975;60;6500;0.1855;0.1948;717
20000;20000;60;4853.33;0.1311;0.1776;722
10000;10000;36;4166.67;0.1016;0.2983;712
10000;10000;36;6666.67;0.0849;0.2027;717
8000;7975;36;4250;0.0603;0.1838;757
12000;12000;36;5416.67;0.0749;0.134;742
35000;35000;60;10000;0.1727;0.2713;707
11875;11875;36;2740.5;0.0603;0.208;782
20000;19975;60;3750;0.1599;0.1616;702
18000;9516.78;36;7750;0.1178;0.1743;707
8000;7900;60;4500;0.1595;0.2016;667
24000;24000;36;9583.33;0.0654;0.0562;757
11500;11475;36;2458.33;0.1212;0.2416;697
2000;2000;36;2750;0.1689;0.0331;677
12800;12800;60;4166.67;0.1677;0.1912;687
10000;10000;36;6000;0.1991;0.2335;682
4800;4800;60;4008.33;0.1682;0.1484;662
10000;10000;36;5416.67;0.1855;0.0624;672
25000;25000;36;5416.67;0.1433;0.2788;712
5000;5000;36;9288.33;0.1171;0.1012;707
4800;4775;36;6333.33;0.079;0.1374;722
16475;16475;60;3333.33;0.1433;0.1596;727
8000;8000;36;3750;0.079;0.2283;727
5000;4797.96;36;3200;0.1099;0.1988;702
28350;28350;36;5833.33;0.1972;0.2889;697
16000;15900;60;17500;0.1558;0.0521;702
15000;13885.68;60;12500;0.1793;0.0806;672
6000;5975;36;6996.17;0.089;0.1748;702
21000;21000;60;4583.33;0.1727;0.3148;682
6000;6000;36;2883.33;0.079;0.1075;727
10500;10500;36;2500;0.1433;0.278;672
16000;16000;60;5416.67;0.158;0.2485;682
10000;10000;36;3750;0.1074;0.2602;722
5000;4975;36;7083.33;0.1158;0.1848;702
30000;29750.38;60;6250;0.1974;0.2003;702
12000;11975;60;5916.67;0.1446;0.205;692
35000;35000;60;7833.33;0.2197;0.2131;687
25200;24999.92;60;7166.67;0.203;0.149;692
2000;2000;36;3750;0.1311;0.1411;682
12000;11975;36;4333.33;0.1777;0.0981;672
12500;12500;36;4154.17;0.089;0.1437;717
8000;7925;36;3666.67;0.0662;0.2195;747
5000;5000;36;1833.33;0.1212;0.1108;687
12800;12800;36;10000;0.1465;0.1776;682
33000;33000;36;102750;0.0762;0.0026;807
15000;15000;36;9083.33;0.0699;0.0664;812
5000;5000;36;1750;0.0762;0.171;727
7000;7000;36;3010;0.1422;0.0704;672
13450;13450;36;3333.33;0.1409;0.1293;687
20375;20375;60;5416.67;0.1409;0.2267;742
1200;1200;36;3833.33;0.158;0.0999;667
16000;15975;36;12750;0.0603;0.092;807
2000;2000;36;4333.33;0.1433;0.2248;677
11200;11150;36;2773.33;0.1392;0.1807;682
28000;28000;36;11250;0.0762;0.1219;732
28000;27950;60;10166.67;0.2198;0.1656;682
3000;2322.59;36;3466.67;0.1505;0.1895;662
7200;7200;36;4166.67;0.1212;0.2938;682
4600;4600;36;3664.25;0.0542;0.0338;777
8000;8000;36;5833.33;0.0699;0.0919;792
20125;20125;36;8937.5;0.1849;0.1108;677
19050;19050;60;5000;0.1433;0.1108;742
21850;21825;60;4400;0.1879;0.2032;682
5000;5000;36;4200;0.1038;0.191;717
12000;12000;36;7750;0.1531;0.0828;672
5800;5800;36;5208.33;0.0603;0.0698;762
10000;10000;36;5800;0.1171;0.1341;712
4800;4800;36;6250;0.079;0.1734;707
8000;8000;36;2500;0.1099;0.1712;707
9750;9750;36;3119.92;0.1629;0.3404;672
4000;4000;36;9583.33;0.1269;0.0134;707
3000;3000;36;5583.33;0.1099;0.2096;697
16000;16000;36;5075;0.158;0.1135;692
12000;11725;36;3000;0.0963;0.15;752
7500;5795.24;36;2500;0.1178;0.1772;692
9600;9600;36;6500;0.079;0.0558;727
23850;23850;60;5000;0.2295;0.2074;672
6250;6250;36;4248.33;0.1409;0.197;682
16750;16359.69;36;3778.67;0.0788;0.207;747
4000;4000;36;1600;0.1269;0.025;732
23500;23500;36;6800;0.1922;0.2037;672
3600;3575;36;2000;0.1287;0.034;707
1900;1900;36;2208.33;0.0729;0.2305;727
22500;22500;36;5208.33;0.079;0.1993;757
12000;12000;60;4425.17;0.0849;0.1103;782
15000;15000;60;4500;0.1269;0.158;732
32000;32000;36;19166.67;0.1727;0.0996;707
24000;24000;60;4583.33;0.242;0.2077;667
5500;5500;36;5416.67;0.158;0.2018;672
7300;7300;36;3090.5;0.0788;0.1178;737
25000;24975;60;7250;0.1311;0.2815;742
4575;4575;36;1280;0.1114;0.2133;692
10000;10000;36;3416.67;0.1496;0.1642;687
20000;19950;60;5000;0.1596;0.2354;707
11100;11100;36;4000;0.1114;0.2955;717
17000;17000;60;4166.67;0.1074;0.1112;762
12000;11975;36;2000;0.1367;0.1705;677
24000;24000;36;8750;0.1212;0.2266;717
7000;7000;36;6000;0.1777;0.0802;692
10000;10000;36;5833.33;0.1212;0.2016;697
14000;14000;36;4250;0.0662;0.2882;747
3250;3225;36;2083.33;0.0762;0.0312;747
18000;18000;36;5100;0.1114;0.1181;717
19500;19500;36;5125;0.21;0.2684;662
5000;5000;36;2083.33;0.0603;0.2986;787
20000;20000;60;4250;0.1758;0.1845;702
6000;6000;36;7500;0.1349;0.1968;682
14300;14300;36;7750;0.1409;0.2174;697
12800;12800;36;5000;0.1212;0.101;692
3000;2975;36;3458.33;0.079;0.1758;722
25000;25000;36;14166.67;0.1311;0.1836;707
18000;18000;36;4583.33;0.1212;0.2234;702
9750;9750;36;2518.67;0.1531;0.1413;667
5000;5000;36;2500;0.1242;0.2384;697
4000;4000;36;2000;0.1311;0.2215;687
1200;1200;36;1300;0.079;0.0692;712
12000;12000;36;5416.67;0.1727;0.2007;662
5000;5000;36;1733.33;0.1629;0.0979;667
21700;21700;36;15000;0.079;0.0543;782
21850;21850;60;4628;0.1629;0.3213;717
12000;12000;36;5833.33;0.1136;0.1457;707
7000;7000;36;4166.67;0.1849;0.1615;677
32000;32000;60;16666.67;0.2376;0.0814;702
13000;13000;60;3302;0.1427;0.1808;722
12000;12000;36;2916.67;0.1242;0.1399;682
25475;25375;60;5000.67;0.1903;0.2198;682
10000;10000;36;2833.33;0.1114;0.258;702
5000;5000;36;8416.67;0.1212;0.2474;697
10000;9725;36;4300;0.0751;0.1872;762
4000;4000;36;3333.33;0.1433;0.2586;677
8000;8000;36;2800;0.1038;0.0182;722
35000;35000;36;18750;0.1065;0.0896;737
9000;7650;36;5666.67;0.1103;0.1272;687
9000;9000;36;8333.33;0.0603;0.0587;777
24000;24000;60;6250;0.1727;0.2055;677
18000;18000;60;7083.33;0.1311;0.17;752
4000;4000;60;3500;0.138;0.1326;697
15000;15000;36;6250;0.0662;0.0323;757
6075;6075;36;2666.67;0.1727;0.2025;662
13800;13800;60;4166.67;0.1749;0.0168;712
10000;10000;60;6800;0.1864;0.1219;702
8000;7725;36;7000;0.1099;0.134;737
15000;15000;36;3000;0.1727;0.333;672
4800;4800;36;7291.67;0.0662;0.1042;817
24250;17431.82;60;5833.33;0.1223;0.2379;732
7000;6975;36;3000;0.0691;0.2123;717
10500;10500;36;5000;0.1212;0.0542;702
25000;24950;60;5666.67;0.2149;0.2379;692
21000;21000;60;8333.33;0.1433;0.0616;717
14400;14400;36;5833.33;0.1426;0.2441;687
9600;9600;36;3458.33;0.1074;0.0862;722
12000;12000;60;4000;0.0888;0.1938;797
10000;10000;36;13333;0.1186;0.1115;707
4000;4000;36;4000;0.1465;0.2238;667
20000;20000;36;6000;0.2149;0.191;667
31300;31300;60;5833.33;0.2295;0.3406;667
6900;6900;36;2750;0.079;0.1418;712
30000;17982.94;60;5632.33;0.1788;0.2436;692
2000;2000;36;2518.75;0.1242;0.0199;677
12000;12000;36;5833.33;0.079;0.1318;727
3300;3300;36;3125;0.1037;0.0547;692
25000;25000;36;10000;0.1433;0.1492;697
6000;5950;36;2300;0.1038;0.0661;722
3250;3250;36;2858.33;0.21;0.3184;692
16500;16175;60;5833.33;0.1223;0.0641;717
31000;31000;60;5833.33;0.21;0.1148;707
4000;4000;36;2916.67;0.1433;0.0295;752
6000;6000;36;4416.67;0.1749;0.0158;667
7500;7500;36;9583.33;0.0662;0.1313;712
12000;11975;36;4500;0.0849;0.0836;747
20000;20000;36;6666.67;0.1849;0.218;687
24000;24000;60;10104.17;0.2247;0.3097;677
7500;7500;36;3348;0.1999;0.1906;662
6250;900;36;2916.67;0.1754;0.1985;657
5000;4900;36;7083.33;0.0692;0.1059;757
10000;10000;36;5416.67;0.1074;0.2274;712
12000;11341.5;36;5200;0.0691;0.1792;712
7000;6775;36;5000;0.0932;0.0834;747
4000;4000;36;5416.67;0.0749;0.0052;757
7800;7800;36;5000;0.1311;0.1556;682
15000;15000;36;6666.67;0.1527;0.1558;682
14125;14125;36;3000;0.1849;0.081;672
8000;8000;36;3936;0.0542;0.0447;782
4325;4325;36;3691.67;0.0749;0.0547;717
15000;15000;36;3000;0.1349;0.0973;707
12000;12000;36;2916.67;0.1016;0.2801;712
6575;6575;36;7500;0.089;0.0439;712
9000;9000;36;5166.67;0.1016;0.1376;712
4500;4500;36;5250;0.0888;0.0707;712
20000;19875;36;10000;0.1025;0.1338;752
1950;1950;36;2600;0.1311;0.1508;682
35000;35000;36;39583.33;0.1629;0.1717;707
8000;8000;36;4166.67;0.1409;0.1622;677
15000;15000;36;8750;0.1059;0.0755;742
5650;5650;36;5100;0.0766;0.1649;702
6800;6800;36;2708.33;0.158;0.1543;682
3000;3000;36;7116.25;0.1905;0.2874;662
5675;5675;36;2333.33;0.1114;0.294;707
12000;12000;60;6500;0.1793;0.0072;672
11100;11100;36;2666.67;0.1531;0.1203;682
16000;16000;60;6666.67;0.1905;0.1782;692
4800;4800;36;2666.67;0.1059;0.2021;712
6200;6200;36;1940;0.1531;0.2052;667
6000;6000;36;5166.67;0.1016;0.1588;712
2250;2250;36;5833.33;0.1036;0.1797;682
24000;14860.05;60;7750;0.1361;0.1077;717
10000;10000;36;4333.33;0.1212;0.0584;697
10000;10000;36;10416.67;0.1409;0.1715;672
12000;12000;36;4833.33;0.1311;0.061;667
12000;12000;36;3916.67;0.1311;0.1832;692
20800;13796.59;36;5833.33;0.1221;0.1694;752
8000;8000;36;7083;0.1269;0.171;697
10000;10000;36;4166.67;0.1016;0.1198;707
6000;6000;36;5184.75;0.1427;0.0764;677
4500;4500;36;1250;0.1212;0.1432;677
3600;3600;36;2500;0.0749;0.1572;742
11200;11200;36;2666.67;0.158;0.1215;677
4000;3925;36;4700;0.1149;0.1398;697
6000;6000;60;3458;0.1349;0.1434;692
17000;17000;36;10666.67;0.1311;0.1533;722
8000;8000;36;4583.33;0.1311;0.0674;667
2800;2800;36;4158;0.074;0.0796;807
12375;12375;36;6750;0.0603;0.1924;792
18825;18825;60;3583.33;0.1727;0.3315;692
9600;9600;36;4389.92;0.1114;0.2362;717
14400;14400;36;5000;0.1311;0.1075;682
6000;6000;60;4416.67;0.1756;0.1488;662
9000;9000;36;14166.67;0.0603;0.0929;772
20000;19850;60;4166.67;0.1186;0.1594;737
15000;15000;36;3750;0.1306;0.2269;687
20000;20000;60;9166.67;0.1114;0.2327;737
13750;13750;60;2916.67;0.1969;0.2201;667
6000;6000;60;13625;0.1719;0.178;677
20000;20000;36;10400;0.079;0.1032;737
12800;12800;60;3333.33;0.1149;0.2004;722
6000;6000;36;3666.67;0.0603;0.0777;782
12000;12000;36;7166.67;0.0751;0.133;737
12500;12500;36;3416.67;0.1311;0.2776;692
5000;5000;36;1800;0.1758;0.0533;667
4950;4950;36;2916.67;0.1433;0.0895;677
30000;30000;60;20416.67;0.1311;0.1632;757
10000;10000;36;6083.33;0.1212;0.1381;672
6000;6000;36;14333.33;0.1465;0.1189;672
24000;24000;36;10166.67;0.079;0.2087;752
14000;14000;60;11333.33;0.1;0.104;747
6000;6000;36;2100;0.0749;0.1933;717
22400;22400;36;7375;0.1311;0.1608;692
8000;8000;36;7300;0.079;0;797
24575;24550;36;5166.67;0.2049;0.1928;667
8000;8000;60;4833.33;0.1483;0.0629;677
10000;10000;36;7916.67;0.1433;0.1269;672
29000;27884.92;60;15000;0.1065;0.039;747
5400;5400;36;2333.33;0.0603;0.0416;807
12375;12375;36;3500;0.0662;0.31;737
30000;30000;60;6666.67;0.1629;0.212;722
5000;5000;36;3033;0.0603;0.0292;772
6200;6200;60;4250;0.1864;0.1061;672
7000;7000;36;6280;0.0749;0.0726;752
29175;29175;60;12500;0.21;0.0883;697
35000;33645.15;60;16133.33;0.1749;0.0601;727
6000;6000;60;2400;0.1689;0.0904;682
35000;35000;60;12083.33;0.1242;0.1279;732
16400;12136.46;36;6074.17;0.1379;0.1743;682
8450;8450;60;1375;0.1349;0.1273;777
18000;18000;36;6916.67;0.1799;0.2018;667
12375;12325;36;4416.67;0.1349;0.2495;677
10000;10000;36;8000;0.0542;0.0169;797
2000;2000;36;3513.33;0.1409;0.2846;682
12000;12000;60;2866.5;0.2198;0.1294;667
5000;5000;36;3750;0.0762;0.1632;742
12000;12000;36;3416.67;0.0603;0.0255;787
6000;6000;36;10000;0.1399;0.1298;667
13000;12975;60;10500;0.0999;0.0877;802
4750;4700;36;3583.33;0.1727;0.1833;757
10000;9925;36;11250;0.1849;0.1337;667
1000;1000;36;3176;0.1531;0.2465;677
9600;9600;36;5166.67;0.1629;0.265;672
3625;3625;36;3895;0.1409;0.1132;667
10000;10000;36;3500;0.1311;0.0811;687
19425;19400;60;3225.23;0.1242;0.1845;747
8400;8400;36;4583.33;0.1367;0.17;697
10000;10000;36;4166.67;0.1399;0.1814;682
6000;6000;36;9367;0.1323;0.2247;687
10000;10000;36;4666.67;0.1433;0.2501;672
6000;6000;36;1312.08;0.1212;0.1639;677
16000;16000;60;11250;0.1531;0.1574;677
22000;21925;36;8666.67;0.1727;0.1802;662
25000;24950;36;12500;0.2127;0.0833;672
13200;13200;36;5083.33;0.1972;0.0907;667
24000;14450;60;8083.33;0.0999;0.0808;767
12250;2200;36;7416.67;0.1505;0.238;662
21000;21000;60;7083.33;0.1114;0.1618;707
9000;9000;36;7083.33;0.1433;0.1536;687
5000;5000;36;4665.83;0.1114;0.183;692
35000;34975;36;8750;0.089;0.179;777
20000;20000;60;6416.67;0.2198;0.2548;672
12000;11975;36;10000;0.079;0.1278;707
10000;10000;36;6000;0.1349;0.2208;682
10750;10725;36;4416.67;0.1311;0.1402;687
4000;3975;36;5600;0.1483;0.2209;682
10450;10450;36;2658.83;0.1311;0.2133;707
3000;2950;36;4166.67;0.089;0.168;727
11000;11000;36;4583.33;0.1212;0.0583;697
7500;7500;36;2796.8;0.1311;0.0804;692
7350;7325;36;4000;0.1112;0.2015;712
10000;10000;36;5000;0.1074;0.1042;722
8000;8000;36;1750;0.1727;0.122;667
33600;33600;60;7666.67;0.2383;0.1911;662
12000;12000;60;4333.33;0.1527;0.1685;702
5000;5000;60;2400;0.1749;0.1671;672
10000;10000;36;12083.33;0.1114;0.1164;717
2075;2075;36;2250;0.1016;0.22;702
16000;15825;36;6250;0.1682;0.203;667
6000;6000;36;4166.67;0.1212;0.3082;697
8600;8600;36;4500;0.1399;0.0909;682
16800;16800;60;10666.67;0.079;0.0334;817
7200;7200;36;3000;0.0751;0.0443;757
9000;9000;36;5000;0.1311;0.2488;702
10000;9767.84;36;8333.33;0.1287;0.2128;717
11350;11350;36;2783.33;0.1409;0.2741;677
6000;6000;60;8750;0.1727;0.112;687
4000;4000;36;2250;0.1212;0.1844;682
6400;6400;36;3833.33;0.1074;0.1923;692
3000;3000;36;4820;0.1825;0.2318;662
1125;1125;36;3083.33;0.0579;0.1768;752
28000;27950;60;4806;0.1311;0;797
6000;6000;36;6666.67;0.089;0.2457;687
5000;5000;36;5416.67;0.0603;0.0611;797
20000;19975;60;4916.67;0.203;0.2091;667
9200;9200;36;2416.67;0.0749;0.2152;732
35000;35000;60;20833.33;0.1311;0.1202;742
18000;18000;60;3750;0.2049;0.2925;677
8250;8250;36;2100;0.0749;0.2419;722
1200;1200;36;1666.67;0.0749;0.1788;712
10000;10000;36;7500;0.0963;0.1796;707
35000;35000;60;9000;0.1727;0.153;702
18000;18000;36;6666.67;0.1531;0.1556;692
20000;19975;60;7000;0.1839;0.1561;707
5500;5500;36;1666.67;0.1114;0.3216;692
35000;35000;60;9583.33;0.2247;0.1895;662
35000;35000;60;9166.67;0.2198;0.1468;697
20950;20875;60;4500;0.2149;0.2756;677
1500;1500;36;7725;0.0963;0.1698;697
12000;12000;36;4458.33;0.1999;0.1516;662
10000;9975;36;3625;0.1433;0.13;692
9750;9750;36;2666.67;0.1849;0.1159;662
5600;5575;36;2583;0.0749;0.2474;742
11200;11200;60;3333.33;0.1311;0.1173;722
4000;3975;36;1750;0.1343;0.076;672
7000;7000;36;4700;0.089;0.1579;702
18000;18000;36;7916.67;0.0603;0.1075;737
5000;5000;36;2000;0.1261;0.134;697
10000;9975;36;4000;0.0925;0.056;707
9800;9800;60;5340.25;0.1969;0.1489;667
20000;19975;36;6750;0.1212;0.1982;687
5100;4950;36;3000;0.1829;0.2567;642
8875;8875;36;2160;0.1114;0.317;702
4400;4400;36;4000;0.0599;0.1793;767
35000;23350;60;7500;0.1171;0.0807;747
3000;3000;36;2916.67;0.1849;0.1607;662
4800;4800;36;3500;0.1242;0.0531;692
5375;5375;36;2166.67;0.1171;0.2875;722
14000;14000;60;6333.33;0.1199;0.1952;707
19800;19775;36;6666.67;0.1323;0.2009;732
13025;13025;36;4333.33;0.1311;0.0775;677
18000;18000;36;9333.33;0.1849;0.2056;677
2500;2275.77;36;3666.67;0.0768;0.1759;787
5000;4985.44;36;4166.67;0.0714;0.114;757
4500;4500;36;2916.67;0.1114;0.0973;687
15000;15000;36;7500;0.089;0.0856;742
35000;35000;60;18750;0.2049;0.1184;717
4500;4500;36;2166.67;0.0849;0.0254;797
4500;4500;36;4666.67;0.1727;0.1659;677
1450;1450;36;833.33;0.0751;0.222;742
6000;6000;36;7083.33;0.1496;0.1155;762
4500;4500;36;3250;0.0654;0.1582;727
14000;14000;36;4583.33;0.0662;0.2018;752
15000;15000;36;12000;0.0603;0.0872;802
22000;14550;60;5243.75;0.1099;0.1583;762
10000;1300;36;6666.67;0.1103;0.1103;697
35000;35000;36;12333.33;0.2049;0.2082;702
10000;10000;36;5250;0.2049;0.1875;687
6000;6000;60;2400;0.1398;0.2429;697
10000;10000;36;4458.33;0.158;0.131;677
10000;9950;36;3125;0.0894;0.1373;787
12000;3639.28;36;3000;0.133;0.1277;662
9600;9600;36;5833.33;0.1465;0.0221;677
17800;17775;60;7000;0.2211;0.0586;662
2000;2000;36;4333.33;0.0762;0.2469;767
18825;18825;60;4583.33;0.21;0.1922;682
3000;2509.17;36;2571.42;0.1306;0.1206;707
2000;2000;36;2916.67;0.1311;0.1913;672
9000;9000;36;4583.33;0.1777;0.1372;672
5750;5750;36;1675;0.1311;0.2424;707
21725;21725;60;3629.58;0.1922;0.2248;677
20000;20000;36;8666.67;0.079;0.3328;727
15350;15325;60;3200;0.1349;0.2863;732
8400;8400;36;3333.33;0.1433;0.1161;672
4500;4500;36;2700;0.0749;0.2763;722
9950;9950;36;2833.33;0.1531;0.0784;677
15000;15000;36;2583.33;0.079;0.2075;727
10000;9850;36;9150;0.1099;0.1923;707
12000;10400;60;5600;0.1825;0.1211;662
8000;3862.32;36;12500;0.1221;0.1329;697
3000;3000;36;7500;0.0603;0.1103;767
15000;15000;36;7500;0.1433;0.2725;682
12700;12700;36;3333.33;0.1777;0.2394;687
16000;15745.73;60;2958.33;0.1111;0.099;767
7200;7200;36;4300;0.079;0.2174;712
30000;30000;60;12500;0.2025;0.1046;697
20125;20125;36;10353.33;0.1465;0.1788;697
12000;12000;36;2516.67;0.1527;0.1646;672
5000;4950;60;5200;0.1062;0.1123;747
8000;7989.96;36;13389.15;0.1136;0.0527;707
3600;3600;36;2000;0.0662;0.0935;737
8800;8350;36;5479;0.0963;0.0489;757
18000;17925;60;6867.92;0.1922;0.2136;692
20000;20000;60;6266.67;0.2376;0.1875;662
4350;4350;36;2600;0.0599;0.0312;782
12000;11975;60;3416.67;0.1099;0.0404;737
5400;5400;36;1666.67;0.1367;0.1542;682
12000;11950;60;5000;0.1268;0.2272;702
12000;12000;36;3333.33;0.1777;0.2448;667
6700;6700;36;2708.33;0.079;0.2219;707
3750;3750;36;1650;0.1171;0.1698;677
8000;8000;36;2791.67;0.1367;0.235;687
4500;4500;36;3500;0.1149;0.0926;697
6000;5975;60;2500;0.1714;0.066;662
19400;19400;60;6000;0.2328;0.093;662
25000;15600;60;5416.67;0.1793;0.1994;692
8800;8800;36;3833.33;0.1427;0.0957;697
4800;4800;36;5833.33;0.1399;0.0739;682
5175;5175;36;1500;0.1777;0.2293;662
10000;9999.36;60;8750;0.1075;0.0405;797
12000;12000;36;6666.67;0.1114;0.0785;722
5000;5000;36;1666.67;0.0751;0.114;752
33600;33600;60;5416.67;0.1727;0.1508;732
10000;10000;36;8750;0.1311;0.2913;702
12000;11975;36;8541.67;0.1629;0.1429;697
4000;4000;36;1666.67;0.1433;0.2274;667
20000;20000;36;5000;0.158;0.1313;692
12000;12000;36;6166.67;0.1409;0.1949;677
17500;17500;60;4166.67;0.21;0.0178;687
10000;10000;36;3333.33;0.1171;0.2118;692
3000;3000;36;9166.67;0.1422;0.1005;667
5600;5592.37;36;3250;0.0859;0.0834;737
10000;10000;36;5000;0.158;0.1332;672
5000;5000;36;3000;0.0849;0.2253;722
16000;16000;60;5000;0.2149;0.2576;672
4800;4800;36;1750;0.1075;0.2263;712
24925;24925;60;5250;0.1875;0.0851;712
4825;4825;36;5416.67;0.1212;0.0476;682
18750;18750;60;4833.33;0.1825;0.1254;677
5000;5000;36;4166.67;0.1531;0.2054;677
7500;224.99;36;8750;0.1317;0.0103;677
10000;10000;60;4417;0.1682;0.1254;682
5300;5300;36;1945;0.079;0.0967;762
5000;5000;36;9166.67;0.0963;0.1181;732
25000;15051.09;60;6666.67;0.1323;0.2011;737
9250;9200;36;5416.67;0.1189;0.1628;747
19000;18725;60;7500;0.1075;0.0619;777
2000;2000;36;5833.33;0.0603;0.0801;752
7200;7200;60;5166.67;0.2049;0.1514;672
8000;8000;36;5292;0.1409;0.196;697
13000;12875;36;6932.92;0.1171;0.162;687
8000;8000;36;4250;0.1629;0.0292;672
14000;13675;36;9083.33;0.0963;0.1306;762
1400;1400;36;4583.33;0.1269;0.0593;702
9500;9500;36;5000;0.089;0.2772;737
12700;12700;36;3333.33;0.1114;0.1053;707
10000;10000;36;2916.67;0.0976;0.1831;727
6000;5691.36;36;2917;0.1189;0.1155;737
5200;5200;36;5000;0.1399;0.2318;682
9000;8975;36;3750;0.1581;0.1069;677
12000;11854.04;36;4500;0.1474;0.0462;697
6600;3800;36;2667;0.0907;0.0184;742
10000;10000;36;6458.33;0.1399;0.0862;672
1800;1800;36;4250;0.1149;0.1664;697
19000;19000;60;4000;0.1875;0.174;697
24000;24000;60;5833.33;0.2049;0.0869;687
11500;11475;36;2833.33;0.1114;0.234;702
12100;12100;36;5000;0.1367;0.1285;692
12000;12000;60;3916.67;0.1799;0.2344;677
12000;12000;36;4416.67;0.1531;0.1069;677
10000;10000;36;2916.67;0.1972;0.2753;667
8875;8875;36;2291.67;0.1531;0.3015;682
10625;10625;36;2633.33;0.1777;0.221;662
12000;3725;36;3750;0.1411;0.0723;672
10000;10000;36;3500;0.1727;0.2891;662
12000;12000;36;3980.33;0.2049;0.2884;662
14000;12225;60;4583.33;0.1199;0.1401;722
16000;15975;60;2666.67;0.1758;0.1226;707
10000;10000;36;5541.67;0.1581;0.2089;672
3625;3625;36;6666.67;0.1629;0.2175;722
8400;8400;36;3333.33;0.1212;0.2232;692
1600;1334.54;36;2000;0.1505;0.1415;667
3600;3600;36;3666.67;0.1629;0.249;667
14000;14000;36;7916.67;0.1751;0.0937;682
15675;15675;36;4166.67;0.0603;0.0886;797
6000;5546.81;36;7250;0.1189;0.1938;727
10000;10000;36;6666.67;0.089;0.1117;697
29000;29000;36;9166.67;0.079;0.1925;767
4800;4800;36;4500;0.1242;0.1798;672
5000;4900;36;4166.67;0.0894;0.1327;742
7000;6894.01;36;5000;0.1253;0.0664;697
20000;19975;60;7416.67;0.1629;0.2405;707
9000;9000;36;11666.67;0.1212;0.1005;692
4400;4400;36;2000;0.1242;0.19;717
3000;3000;36;3083.33;0.1171;0.168;697
6250;6250;36;1750;0.1433;0.204;677
14000;14000;36;8733.33;0.0603;0.09;772
30000;30000;36;9166.67;0.1427;0.0851;717
19600;19600;60;4166.67;0.1242;0.2299;747
1600;1600;36;3459;0.1311;0.1899;672
8000;8000;36;7500;0.1399;0.1817;672
2500;2125;36;3750;0.1292;0.2232;672
16075;16075;36;4125;0.1629;0.1758;697
4900;4888.24;36;2240;0.1426;0.2375;722
14400;14400;36;10408;0.1199;0.1348;712
7750;7750;36;2000;0.2049;0.09;662
4200;4200;36;6089.44;0.0579;0.081;752
35000;34950;60;7083.33;0.1268;0.2399;787
12800;12800;36;4750;0.1212;0.2153;697
8000;8000;36;4416.67;0.089;0.2656;722
25000;23477.53;60;5833.33;0.1864;0.1461;697
5000;5000;36;6706.41;0.0849;0.1689;732
4000;4000;36;2666.67;0.1149;0.0416;722
2875;2875;36;1084;0.1849;0.1411;667
1800;1800;36;4246.67;0.1602;0.0419;662
7200;7200;36;5000;0.1349;0.146;727
6000;6000;36;3333.33;0.1212;0.0816;682
15000;14975;36;5416.67;0.079;0.2073;747
10375;10375;36;2479.17;0.1433;0.2642;682
25000;25000;60;7750;0.158;0.2404;702
7900;7782.65;36;7583.33;0.0859;0.152;812
10000;10000;36;3750;0.1531;0.1461;682
6000;4450;36;5417;0.0768;0.084;782
7000;7000;36;4333.33;0.1777;0.303;677
5500;5473.88;36;5116.67;0.1461;0.2038;667
7000;7000;36;3333.33;0.1433;0.0546;692
12000;11975;36;9666.67;0.0662;0.0143;752
10000;9975;36;2500;0.0699;0.2792;782
9800;9800;60;2708.33;0.1491;0.1289;692
15000;15000;36;4083.33;0.1311;0.2963;692
12000;12000;36;3500;0.0791;0.0451;727
19000;18975;36;2964.67;0.1372;0.135;707
10000;10000;36;3333.33;0.1349;0.1884;692
14725;14725;36;18333.33;0.1941;0.0214;662
17500;17475;36;3750;0.1409;0.3488;692
10000;10000;36;7158.33;0.1253;0.1081;702
12000;11998.2;36;3916.67;0.1037;0.1698;707
32550;32550;36;9166.67;0.0662;0.0852;807
17475;17450;36;4500;0.1212;0.1482;682
7200;7200;36;2333.33;0.079;0.1213;727
7125;7125;36;2500;0.0762;0.0796;807
20500;19861.23;60;2500;0.1496;0.1076;732
18000;18000;60;10583.33;0.1972;0.1737;697
15000;15000;36;5078.75;0.1825;0.2245;667
14000;14000;60;5833.33;0.1037;0.0869;787
4800;4750;36;6250;0.1221;0.0941;697
8000;8000;36;6250;0.1433;0.0448;672
35000;34900;60;5666.67;0.1825;0.2056;727
3600;3600;36;5666.67;0.0774;0.0141;737
20000;19950;36;7500;0.1149;0.0884;717
20000;20000;60;3666.67;0.2245;0.243;662
10000;9950;36;7166.67;0.1427;0.1263;682
10000;10000;36;5000;0.0991;0.1498;712
4500;4500;36;3000;0.0751;0.139;767
8000;8000;36;7083.33;0.079;0.2369;727
7425;7425;36;2500;0.0976;0.0732;707
12000;12000;36;13000;0.0603;0.1875;727
9000;9000;36;4500;0.1527;0.2406;672
28000;28000;36;7083.33;0.1629;0.1962;712
15575;15550;36;6250;0.1367;0.18;712
10500;10500;36;6666.67;0.1212;0.1118;712
8500;6727.42;36;5000;0.1683;0.1468;682
3600;3600;36;7000;0.1972;0.1072;667
12000;12000;36;6250;0.0729;0.2715;742
24250;24144.61;36;12000;0.1183;0.0479;757
20000;20000;36;6166.67;0.1269;0.1555;712
14000;14000;36;6883.33;0.1212;0.0764;697
10000;10000;36;13750;0.0603;0.0501;777
8000;8000;36;3750;0.1242;0.0973;707
20000;15000;60;5373.33;0.1751;0.1597;697
3500;3500;36;4333.33;0.1212;0.1087;677
30000;29975;60;17917;0.2089;0.1586;697
12000;12000;36;4575.08;0.1777;0.2232;677
12250;12250;60;6550;0.1903;0.2318;662
9000;9000;60;4750;0.0788;0.08;802
31825;31825;60;6666.67;0.1409;0.0437;752
24000;23975;60;5416.67;0.1903;0.2258;682
12800;12787.71;36;2833.33;0.0894;0.0018;817
20000;20000;60;4167;0.1399;0.2133;747
15000;15000;36;3916.67;0.1269;0.1402;707
15000;14950;36;6666.67;0.1417;0.0846;692
5000;3150;36;6000;0.1393;0.2257;662
14000;14000;36;5416.67;0.1409;0.1519;692
21000;21000;36;7916.67;0.1367;0.0808;707
5000;5000;36;3333.33;0.0692;0.1839;727
5000;5000;36;6250;0.1212;0.2026;677
8000;8000;36;4333.33;0.1114;0.0598;712
10000;10000;36;6200;0.2247;0.3426;677
7000;7000;36;5166.67;0.0699;0.1432;777
11000;11000;36;5836.67;0.0603;0.1204;792
28000;28000;60;8416.67;0.2049;0.0436;712
24000;21963.64;36;12500;0.1099;0.1927;742
15000;15000;36;9583.33;0.089;0.1359;737
24000;23950;36;10737.5;0.2489;0.2946;662
5000;5000;36;8166.67;0.1596;0.1436;662
10000;10000;36;8333.33;0.1059;0.0968;732
16000;16000;36;5653.67;0.1855;0.2388;662
10000;6301.07;36;4583;0.1411;0.1652;682
8000;8000;36;5000;0.1849;0.2337;672
10000;10000;36;2750;0.1171;0.0869;697
5000;5000;36;5416.67;0.0579;0.1569;762
20000;19975;60;5666.67;0.2278;0.2442;667
3700;3600;36;4985;0.0788;0.1017;722
15000;15000;36;3500;0.1777;0.2245;672
9700;9700;36;7333.33;0.1409;0.0952;667
8450;8450;36;2083.33;0.1849;0.2198;662
25000;25000;60;5833.33;0.2049;0.0915;692
25000;24950;60;4166.67;0.1349;0.1997;747
15000;15000;36;6000;0.1777;0.1824;672
14575;14575;36;3833.33;0.1905;0.2423;662
14775;14775;60;4473.33;0.21;0.2759;677
2000;2000;36;2500;0.1149;0.0244;702
2575;2575;36;4166.67;0.1016;0.2754;697
4200;4200;60;3850;0.1433;0.1416;702
8000;8000;36;2500;0.2052;0.0812;677
9500;9500;60;3000;0.1479;0.1213;712
16750;16445.93;36;3338;0.0988;0.1025;752
12300;12300;36;3083.33;0.1311;0.0801;687
4000;4000;36;3750;0.1727;0.1629;667
20000;20000;60;5833;0.183;0.1591;692
12000;12000;60;9750;0.1268;0.0955;707
4375;4375;36;3333.33;0.1433;0.12;677
3000;3000;36;4073;0.1459;0.1959;662
13000;13000;36;11666.67;0.0662;0.0595;752
16200;16200;36;4666.67;0.089;0.2276;727
11400;11375;36;5641.67;0.089;0.1427;742
25875;25875;60;6000;0.1849;0.1383;717
15000;15000;60;5250;0.1904;0.1669;682
20950;20950;60;10416.67;0.2295;0.1251;667
14000;12800;60;6166.67;0.1479;0.0837;712
2000;2000;36;2000;0.16;0.0255;667
25000;25000;36;7500;0.079;0.0173;767
28200;28150;60;5900;0.1016;0.1035;782
20000;19925;60;6250;0.1864;0.1541;682
24000;24000;36;5577.26;0.1629;0.2905;692
21850;21850;60;4166.67;0.1727;0.2194;712
20000;19850;36;5458.33;0.1322;0.0907;707
16000;15875;36;6750;0.1385;0.125;687
10000;10000;36;3916.67;0.1114;0.1961;722
20000;20000;36;19583.33;0.1409;0.0916;712
1000;1000;36;3333.33;0.079;0.1707;722
3500;3500;36;9166.67;0.1149;0.1443;692
15000;15000;36;2666.67;0.079;0.2224;737
19000;19000;36;3544.67;0.1367;0.1512;687
12000;11950;36;3100;0.0603;0.0961;757
22750;22750;60;4333.33;0.2247;0.2903;672
9800;9747.5;36;2333.33;0.0729;0.0896;732
3500;3500;36;6333;0.0729;0.1554;717
20000;17724.9;60;6125;0.1074;0.0307;757
20000;20000;60;6750;0.2295;0.071;667
19000;19000;36;5166.67;0.079;0.0976;772
17300;17250;60;5500;0.2245;0.0358;687
7000;711.54;36;3833;0.1513;0.1891;652
7200;7200;36;8333.33;0.1875;0.1621;662
10000;10000;36;4583.33;0.1409;0.0971;677
4000;3925;36;8583.33;0.1409;0.1227;677
17500;17500;36;25000;0.089;0.1094;732
20000;20000;36;5416.67;0.1171;0.0958;727
16200;16200;60;4833.33;0.158;0.0792;682
10000;10000;36;5000;0.0603;0.1303;762
27000;27000;36;9250;0.0662;0.1221;812
4500;4475;36;7075.5;0.0751;0.2027;722
15875;15875;36;3416.67;0.1433;0.1744;677
15000;15000;36;6666.67;0.1016;0.2828;692
25000;24950;36;7083.33;0.1075;0.2048;767
7000;7000;36;2464.37;0.1727;0.1838;667
15000;15000;36;8000;0.1999;0.1805;662
17000;17000;36;3833.33;0.1581;0.1701;687
19075;19075;36;5166.67;0.1875;0.1523;672
10000;10000;36;4500;0.1171;0.084;712
8475;8475;36;3983.33;0.0762;0.1588;722
6400;6350;36;5166.67;0.1008;0.0811;712
30000;30000;60;7083.33;0.2328;0.121;677
24000;23975;36;6666.67;0.1465;0.1529;687
30000;29950;60;9250;0.1677;0.1923;707
16000;16000;60;8903.25;0.1409;0.2154;742
10000;10000;36;2166.67;0.1399;0.0489;682
6000;6000;36;3500;0.1242;0.1666;677
9000;5242.75;36;3875;0.1379;0.0676;672
